{"DATA" : [
	{
		"SIGUN_NM": "하남시",
		"BIZPLC_NM": "행복한소아치과의원",
		"LICENSG_DE": "20180313",
		"BSN_STATE_NM": "영업/정상",
		"CLSBIZ_DE": "",
		"MEDINST_SPCS_NM": "",
		"MEDSTAF_CNT": "2",
		"TREAT_SBJECT_CONT": "구강악안면외과, 치과보철과, 치과교정과, 소아치과, 치주과, 치과보존과, 구강내과, 영상치의학과, 구강병리과, 예방치과",
		"TOT_AR": "108.8",
		"REFINE_ROADNM_ADDR": "경기도 하남시 미사강변중앙로 226, 우성르보아파크 4층 405~406호 (망월동)",
		"REFINE_LOTNO_ADDR": "경기도 하남시 망월동 1079 우성르보아파크",
		"REFINE_ZIPNO": "12913",
		"REFINE_WGS84_LAT": "37.5667936284",
		"REFINE_WGS84_LOGT": "127.1892586964"
	},
	{
		"SIGUN_NM": "하남시",
		"BIZPLC_NM": "프라임치과의원",
		"LICENSG_DE": "20060821",
		"BSN_STATE_NM": "영업/정상",
		"CLSBIZ_DE": "",
		"MEDINST_SPCS_NM": "",
		"MEDSTAF_CNT": "1",
		"TREAT_SBJECT_CONT": "치과",
		"TOT_AR": "226.6",
		"REFINE_ROADNM_ADDR": "경기도 하남시 신평로 62, 4층 (신장동, 태산빌딩)",
		"REFINE_LOTNO_ADDR": "경기도 하남시 신장동 427번지 394호",
		"REFINE_ZIPNO": "12957",
		"REFINE_WGS84_LAT": "37.5389292483",
		"REFINE_WGS84_LOGT": "127.2054817674"
	},
	{
		"SIGUN_NM": "하남시",
		"BIZPLC_NM": "고치과의원",
		"LICENSG_DE": "19911206",
		"BSN_STATE_NM": "영업/정상",
		"CLSBIZ_DE": "",
		"MEDINST_SPCS_NM": "",
		"MEDSTAF_CNT": "1",
		"TREAT_SBJECT_CONT": "치과, 구강악안면외과",
		"TOT_AR": "67.6",
		"REFINE_ROADNM_ADDR": "경기도 하남시 대청로116번길 30-1, 302호 (창우동, 은행아파트종합상가)",
		"REFINE_LOTNO_ADDR": "경기도 하남시 창우동 520번지 은행아파트 종합상가 302호",
		"REFINE_ZIPNO": "12954",
		"REFINE_WGS84_LAT": "37.5379012952",
		"REFINE_WGS84_LOGT": "127.2239700228"
	},
	{
		"SIGUN_NM": "하남시",
		"BIZPLC_NM": "이사랑부부치과의원",
		"LICENSG_DE": "19950107",
		"BSN_STATE_NM": "영업/정상",
		"CLSBIZ_DE": "",
		"MEDINST_SPCS_NM": "",
		"MEDSTAF_CNT": "1",
		"TREAT_SBJECT_CONT": "치과",
		"TOT_AR": "109.38",
		"REFINE_ROADNM_ADDR": "경기도 하남시 대청로 119-1, 213호214호 (창우동, 부영아파트상가)",
		"REFINE_LOTNO_ADDR": "경기도 하남시 창우동 518번지 부영아파트상가 213,214호",
		"REFINE_ZIPNO": "12944",
		"REFINE_WGS84_LAT": "37.5396820154",
		"REFINE_WGS84_LOGT": "127.2261367922"
	},
	{
		"SIGUN_NM": "하남시",
		"BIZPLC_NM": "즐거운하치과의원",
		"LICENSG_DE": "20161221",
		"BSN_STATE_NM": "영업/정상",
		"CLSBIZ_DE": "",
		"MEDINST_SPCS_NM": "",
		"MEDSTAF_CNT": "1",
		"TREAT_SBJECT_CONT": "구강악안면외과, 치과보철과, 치과교정과, 소아치과, 치주과, 치과보존과, 구강내과",
		"TOT_AR": "173",
		"REFINE_ROADNM_ADDR": "경기도 하남시 하남대로 851, 4층 (덕풍동)",
		"REFINE_LOTNO_ADDR": "경기도 하남시 덕풍동 309번지 63호",
		"REFINE_ZIPNO": "12966",
		"REFINE_WGS84_LAT": "37.5430435668",
		"REFINE_WGS84_LOGT": "127.2035298718"
	},
	{
		"SIGUN_NM": "하남시",
		"BIZPLC_NM": "미사센트럴치과의원",
		"LICENSG_DE": "20180410",
		"BSN_STATE_NM": "영업/정상",
		"CLSBIZ_DE": "",
		"MEDINST_SPCS_NM": "",
		"MEDSTAF_CNT": "1",
		"TREAT_SBJECT_CONT": "구강악안면외과, 치과보철과, 치과교정과, 소아치과, 치주과, 치과보존과, 구강내과, 영상치의학과, 예방치과, 통합치의학과",
		"TOT_AR": "193.23",
		"REFINE_ROADNM_ADDR": "경기도 하남시 미사강변동로 79, 미사역타워 303,304호 (망월동)",
		"REFINE_LOTNO_ADDR": "경기도 하남시 망월동 1116-1번지 미사역타워 303,304호",
		"REFINE_ZIPNO": "12913",
		"REFINE_WGS84_LAT": "37.5620437496",
		"REFINE_WGS84_LOGT": "127.1927998225"
	},
	{
		"SIGUN_NM": "하남시",
		"BIZPLC_NM": "미사프라임치과의원",
		"LICENSG_DE": "20161116",
		"BSN_STATE_NM": "영업/정상",
		"CLSBIZ_DE": "",
		"MEDINST_SPCS_NM": "",
		"MEDSTAF_CNT": "1",
		"TREAT_SBJECT_CONT": "구강악안면외과, 치과보철과, 치과교정과, 소아치과, 치주과, 치과보존과, 구강내과, 영상치의학과, 구강병리과, 예방치과, 통합치의학과",
		"TOT_AR": "188.56",
		"REFINE_ROADNM_ADDR": "경기도 하남시 미사강변대로 228, 302호 (망월동, 미사메디프라자)",
		"REFINE_LOTNO_ADDR": "경기도 하남시 망월동 962번지 미사메디프라자 302호",
		"REFINE_ZIPNO": "12909",
		"REFINE_WGS84_LAT": "37.5698893442",
		"REFINE_WGS84_LOGT": "127.1840028206"
	},
	{
		"SIGUN_NM": "하남시",
		"BIZPLC_NM": "잘생긴치과의원",
		"LICENSG_DE": "20180221",
		"BSN_STATE_NM": "영업/정상",
		"CLSBIZ_DE": "",
		"MEDINST_SPCS_NM": "",
		"MEDSTAF_CNT": "1",
		"TREAT_SBJECT_CONT": "구강악안면외과, 치과보철과, 치과교정과, 소아치과, 치주과, 치과보존과, 구강내과, 영상치의학과, 구강병리과, 예방치과",
		"TOT_AR": "152",
		"REFINE_ROADNM_ADDR": "경기도 하남시 미사강변대로 84, 미사탑프라자 303,304호 (풍산동)",
		"REFINE_LOTNO_ADDR": "경기도 하남시 풍산동 504번지 미사탑프라자",
		"REFINE_ZIPNO": "12919",
		"REFINE_WGS84_LAT": "37.5573982216",
		"REFINE_WGS84_LOGT": "127.1880069952"
	},
	{
		"SIGUN_NM": "하남시",
		"BIZPLC_NM": "연세크리스탈치과의원",
		"LICENSG_DE": "20220420",
		"BSN_STATE_NM": "영업/정상",
		"CLSBIZ_DE": "",
		"MEDINST_SPCS_NM": "",
		"MEDSTAF_CNT": "1",
		"TREAT_SBJECT_CONT": "구강악안면외과, 치과보철과, 치과교정과, 소아치과, 치주과, 치과보존과, 구강내과, 영상치의학과, 예방치과, 통합치의학과",
		"TOT_AR": "203.15",
		"REFINE_ROADNM_ADDR": "경기도 하남시 미사강변동로 85, 힐스테이트 에코 미사 4층 409~411호 (망월동)",
		"REFINE_LOTNO_ADDR": "경기도 하남시 망월동 1106 힐스테이트 에코 미사",
		"REFINE_ZIPNO": "12913",
		"REFINE_WGS84_LAT": "37.5625290010",
		"REFINE_WGS84_LOGT": "127.1922316853"
	},
	{
		"SIGUN_NM": "하남시",
		"BIZPLC_NM": "사과나무치과의원",
		"LICENSG_DE": "20090512",
		"BSN_STATE_NM": "영업/정상",
		"CLSBIZ_DE": "",
		"MEDINST_SPCS_NM": "",
		"MEDSTAF_CNT": "1",
		"TREAT_SBJECT_CONT": "치과",
		"TOT_AR": "173.08",
		"REFINE_ROADNM_ADDR": "경기도 하남시 덕풍동로 111-21, 401호 (덕풍동, KNmall)",
		"REFINE_LOTNO_ADDR": "경기도 하남시 덕풍동 744번지 KNmall 401호",
		"REFINE_ZIPNO": "12927",
		"REFINE_WGS84_LAT": "37.5518151352",
		"REFINE_WGS84_LOGT": "127.2076953235"
	},
	{
		"SIGUN_NM": "하남시",
		"BIZPLC_NM": "백현치과의원",
		"LICENSG_DE": "20100326",
		"BSN_STATE_NM": "영업/정상",
		"CLSBIZ_DE": "",
		"MEDINST_SPCS_NM": "",
		"MEDSTAF_CNT": "1",
		"TREAT_SBJECT_CONT": "구강악안면외과, 치과보철과, 치과교정과, 소아치과, 치주과, 치과보존과, 구강내과, 영상치의학과, 구강병리과, 예방치과, 통합치의학과",
		"TOT_AR": "267.78",
		"REFINE_ROADNM_ADDR": "경기도 하남시 미사강변동로 82, 서건 미사 메트로타워 501~506호 (망월동)",
		"REFINE_LOTNO_ADDR": "경기도 하남시 망월동 1131번지 서건미사메트로타워 501~506호",
		"REFINE_ZIPNO": "12912",
		"REFINE_WGS84_LAT": "37.5624784251",
		"REFINE_WGS84_LOGT": "127.1935793168"
	},
	{
		"SIGUN_NM": "하남시",
		"BIZPLC_NM": "정태수치과의원",
		"LICENSG_DE": "19990710",
		"BSN_STATE_NM": "영업/정상",
		"CLSBIZ_DE": "",
		"MEDINST_SPCS_NM": "",
		"MEDSTAF_CNT": "1",
		"TREAT_SBJECT_CONT": "치과",
		"TOT_AR": "66.47",
		"REFINE_ROADNM_ADDR": "경기도 하남시 신평로 49, 2층 (신장동, 일계빌딩)",
		"REFINE_LOTNO_ADDR": "경기도 하남시 신장동 427번지 78호",
		"REFINE_ZIPNO": "12968",
		"REFINE_WGS84_LAT": "37.5382688886",
		"REFINE_WGS84_LOGT": "127.2045335495"
	},
	{
		"SIGUN_NM": "하남시",
		"BIZPLC_NM": "한솔서울치과의원",
		"LICENSG_DE": "19990318",
		"BSN_STATE_NM": "영업/정상",
		"CLSBIZ_DE": "",
		"MEDINST_SPCS_NM": "",
		"MEDSTAF_CNT": "1",
		"TREAT_SBJECT_CONT": "치과",
		"TOT_AR": "107.37",
		"REFINE_ROADNM_ADDR": "경기도 하남시 덕산로 33, 203호 (덕풍동, 한솔리치빌아파트1단지상가)",
		"REFINE_LOTNO_ADDR": "경기도 하남시 덕풍동 681번지 1호 한솔리치빌1단지아파트 상가 2층 203호",
		"REFINE_ZIPNO": "12981",
		"REFINE_WGS84_LAT": "37.5325643354",
		"REFINE_WGS84_LOGT": "127.1978216284"
	},
	{
		"SIGUN_NM": "하남시",
		"BIZPLC_NM": "하남스마트치과의원",
		"LICENSG_DE": "20201221",
		"BSN_STATE_NM": "영업/정상",
		"CLSBIZ_DE": "",
		"MEDINST_SPCS_NM": "",
		"MEDSTAF_CNT": "1",
		"TREAT_SBJECT_CONT": "구강악안면외과, 치과보철과, 치과교정과, 소아치과, 치주과, 치과보존과, 구강내과, 영상치의학과, 예방치과, 통합치의학과",
		"TOT_AR": "138.66",
		"REFINE_ROADNM_ADDR": "경기도 하남시 신평로 45, SN 타워 602호 (신장동)",
		"REFINE_LOTNO_ADDR": "경기도 하남시 신장동 427-17 SN 타워",
		"REFINE_ZIPNO": "12978",
		"REFINE_WGS84_LAT": "37.5378987689",
		"REFINE_WGS84_LOGT": "127.2043086265"
	},
	{
		"SIGUN_NM": "하남시",
		"BIZPLC_NM": "서울네이처치과의원",
		"LICENSG_DE": "20180906",
		"BSN_STATE_NM": "영업/정상",
		"CLSBIZ_DE": "",
		"MEDINST_SPCS_NM": "",
		"MEDSTAF_CNT": "1",
		"TREAT_SBJECT_CONT": "구강악안면외과, 치과보철과, 치과교정과, 소아치과, 치주과, 치과보존과, 구강내과, 영상치의학과, 구강병리과, 예방치과",
		"TOT_AR": "145.6",
		"REFINE_ROADNM_ADDR": "경기도 하남시 미사강변남로 103, 미사랑데르Ⅲ 303,304호 (망월동)",
		"REFINE_LOTNO_ADDR": "경기도 하남시 망월동 1121번지 2호 미사랑데르Ⅲ",
		"REFINE_ZIPNO": "12913",
		"REFINE_WGS84_LAT": "37.5610715342",
		"REFINE_WGS84_LOGT": "127.1932793666"
	},
	{
		"SIGUN_NM": "하남시",
		"BIZPLC_NM": "이다움치과의원",
		"LICENSG_DE": "20220823",
		"BSN_STATE_NM": "영업/정상",
		"CLSBIZ_DE": "",
		"MEDINST_SPCS_NM": "",
		"MEDSTAF_CNT": "1",
		"TREAT_SBJECT_CONT": "구강악안면외과, 치과보철과, 치과교정과, 소아치과, 치주과, 치과보존과, 구강내과, 영상치의학과, 구강병리과, 예방치과, 통합치의학과",
		"TOT_AR": "139.24",
		"REFINE_ROADNM_ADDR": "경기도 하남시 위례학암로 18, 3층 306,307호 (학암동)",
		"REFINE_LOTNO_ADDR": "경기도 하남시 학암동 647",
		"REFINE_ZIPNO": "13010",
		"REFINE_WGS84_LAT": "37.4879565968",
		"REFINE_WGS84_LOGT": "127.1583654720"
	},
	{
		"SIGUN_NM": "하남시",
		"BIZPLC_NM": "맘편안치과의원",
		"LICENSG_DE": "20201119",
		"BSN_STATE_NM": "영업/정상",
		"CLSBIZ_DE": "",
		"MEDINST_SPCS_NM": "",
		"MEDSTAF_CNT": "2",
		"TREAT_SBJECT_CONT": "구강악안면외과, 치과보철과, 치과교정과, 소아치과, 치주과, 치과보존과, 구강내과, 영상치의학과, 구강병리과, 예방치과, 통합치의학과",
		"TOT_AR": "217.86",
		"REFINE_ROADNM_ADDR": "경기도 하남시 신장동로 41, 3층 301-302호 (신장동)",
		"REFINE_LOTNO_ADDR": "경기도 하남시 신장동 589-5",
		"REFINE_ZIPNO": "12948",
		"REFINE_WGS84_LAT": "37.5434615290",
		"REFINE_WGS84_LOGT": "127.2121653871"
	},
	{
		"SIGUN_NM": "하남시",
		"BIZPLC_NM": "미사봄날치과의원",
		"LICENSG_DE": "20180814",
		"BSN_STATE_NM": "영업/정상",
		"CLSBIZ_DE": "",
		"MEDINST_SPCS_NM": "",
		"MEDSTAF_CNT": "1",
		"TREAT_SBJECT_CONT": "구강악안면외과, 치과보철과, 치과교정과, 소아치과, 치주과, 치과보존과, 구강내과, 영상치의학과, 구강병리과, 예방치과, 통합치의학과",
		"TOT_AR": "172.7",
		"REFINE_ROADNM_ADDR": "경기도 하남시 미사강변대로 90, 승리타워 303호 (풍산동)",
		"REFINE_LOTNO_ADDR": "경기도 하남시 풍산동 502번지 승리타워 303호",
		"REFINE_ZIPNO": "12919",
		"REFINE_WGS84_LAT": "37.5578853066",
		"REFINE_WGS84_LOGT": "127.1881408306"
	},
	{
		"SIGUN_NM": "하남시",
		"BIZPLC_NM": "올바로치과의원",
		"LICENSG_DE": "20211025",
		"BSN_STATE_NM": "영업/정상",
		"CLSBIZ_DE": "",
		"MEDINST_SPCS_NM": "",
		"MEDSTAF_CNT": "3",
		"TREAT_SBJECT_CONT": "구강악안면외과, 치과보철과, 치과교정과, 소아치과, 치주과, 치과보존과, 구강내과, 영상치의학과, 구강병리과, 예방치과, 통합치의학과",
		"TOT_AR": "354.79",
		"REFINE_ROADNM_ADDR": "경기도 하남시 미사강변동로 100-1, 미사역 파라곤 스퀘어 5층 501~506호 (망월동)",
		"REFINE_LOTNO_ADDR": "경기도 하남시 망월동 1125 미사역 파라곤 스퀘어",
		"REFINE_ZIPNO": "12912",
		"REFINE_WGS84_LAT": "37.5641109151",
		"REFINE_WGS84_LOGT": "127.1939802632"
	},
	{
		"SIGUN_NM": "하남시",
		"BIZPLC_NM": "서울온정치과의원",
		"LICENSG_DE": "20200828",
		"BSN_STATE_NM": "영업/정상",
		"CLSBIZ_DE": "",
		"MEDINST_SPCS_NM": "",
		"MEDSTAF_CNT": "3",
		"TREAT_SBJECT_CONT": "구강악안면외과, 치과보철과, 치과교정과, 소아치과, 치주과, 치과보존과, 구강내과, 영상치의학과, 구강병리과, 예방치과, 통합치의학과",
		"TOT_AR": "246.24",
		"REFINE_ROADNM_ADDR": "경기도 하남시 신평로 53, 2층 (신장동)",
		"REFINE_LOTNO_ADDR": "경기도 하남시 신장동 427-179번지 2층",
		"REFINE_ZIPNO": "12968",
		"REFINE_WGS84_LAT": "37.5385757718",
		"REFINE_WGS84_LOGT": "127.2047021277"
	},
	{
		"SIGUN_NM": "하남시",
		"BIZPLC_NM": "연세정성치과의원",
		"LICENSG_DE": "20221227",
		"BSN_STATE_NM": "영업/정상",
		"CLSBIZ_DE": "",
		"MEDINST_SPCS_NM": "",
		"MEDSTAF_CNT": "2",
		"TREAT_SBJECT_CONT": "구강악안면외과, 치과보철과, 치과교정과, 소아치과, 치주과, 치과보존과, 구강내과, 영상치의학과, 구강병리과, 예방치과, 통합치의학과",
		"TOT_AR": "116.25",
		"REFINE_ROADNM_ADDR": "경기도 하남시 감일백제로180번길 17, 퀸즈에비뉴 5층 504~506호 (감이동)",
		"REFINE_LOTNO_ADDR": "경기도 하남시 감이동 440-2 퀸즈에비뉴",
		"REFINE_ZIPNO": "12999",
		"REFINE_WGS84_LAT": "37.5091735066",
		"REFINE_WGS84_LOGT": "127.1548630381"
	},
	{
		"SIGUN_NM": "하남시",
		"BIZPLC_NM": "서울바른후치과의원",
		"LICENSG_DE": "20181012",
		"BSN_STATE_NM": "영업/정상",
		"CLSBIZ_DE": "",
		"MEDINST_SPCS_NM": "",
		"MEDSTAF_CNT": "1",
		"TREAT_SBJECT_CONT": "구강악안면외과, 치과보철과, 치과교정과, 소아치과, 치주과, 치과보존과, 구강내과, 영상치의학과, 구강병리과, 예방치과",
		"TOT_AR": "229.37",
		"REFINE_ROADNM_ADDR": "경기도 하남시 미사강변남로 87, 스타파크 403,404호 (망월동)",
		"REFINE_LOTNO_ADDR": "경기도 하남시 망월동 1119번지 스타파크",
		"REFINE_ZIPNO": "12913",
		"REFINE_WGS84_LAT": "37.5605889831",
		"REFINE_WGS84_LOGT": "127.1914244383"
	},
	{
		"SIGUN_NM": "하남시",
		"BIZPLC_NM": "상아치과교정과치과의원",
		"LICENSG_DE": "20180620",
		"BSN_STATE_NM": "영업/정상",
		"CLSBIZ_DE": "",
		"MEDINST_SPCS_NM": "",
		"MEDSTAF_CNT": "1",
		"TREAT_SBJECT_CONT": "치과교정과",
		"TOT_AR": "177.75",
		"REFINE_ROADNM_ADDR": "경기도 하남시 미사강변동로 79, 미사역타워 505,506호 (망월동)",
		"REFINE_LOTNO_ADDR": "경기도 하남시 망월동 1116번지 1호 미사역타워",
		"REFINE_ZIPNO": "12913",
		"REFINE_WGS84_LAT": "37.5620437496",
		"REFINE_WGS84_LOGT": "127.1927998225"
	},
	{
		"SIGUN_NM": "하남시",
		"BIZPLC_NM": "류치과의원",
		"LICENSG_DE": "20180710",
		"BSN_STATE_NM": "영업/정상",
		"CLSBIZ_DE": "",
		"MEDINST_SPCS_NM": "",
		"MEDSTAF_CNT": "1",
		"TREAT_SBJECT_CONT": "구강악안면외과, 치과보철과, 소아치과, 치주과, 치과보존과, 구강내과, 영상치의학과, 예방치과, 통합치의학과",
		"TOT_AR": "158",
		"REFINE_ROADNM_ADDR": "경기도 하남시 미사강변동로 127, 경서타워 303호 (망월동)",
		"REFINE_LOTNO_ADDR": "경기도 하남시 망월동 1093번지 경서타워 303호",
		"REFINE_ZIPNO": "12913",
		"REFINE_WGS84_LAT": "37.5661673836",
		"REFINE_WGS84_LOGT": "127.1910504020"
	},
	{
		"SIGUN_NM": "하남시",
		"BIZPLC_NM": "미사온아치과의원",
		"LICENSG_DE": "20160601",
		"BSN_STATE_NM": "영업/정상",
		"CLSBIZ_DE": "",
		"MEDINST_SPCS_NM": "",
		"MEDSTAF_CNT": "2",
		"TREAT_SBJECT_CONT": "구강악안면외과, 치과보철과, 치과교정과, 소아치과, 치주과, 치과보존과, 구강내과, 영상치의학과, 구강병리과, 예방치과",
		"TOT_AR": "249.82",
		"REFINE_ROADNM_ADDR": "경기도 하남시 미사강변대로226번길 14, 403호404호 (망월동, 예스프라자)",
		"REFINE_LOTNO_ADDR": "경기도 하남시 망월동 970번지",
		"REFINE_ZIPNO": "12909",
		"REFINE_WGS84_LAT": "37.5696929563",
		"REFINE_WGS84_LOGT": "127.1847170608"
	},
	{
		"SIGUN_NM": "하남시",
		"BIZPLC_NM": "친절한김치과의원",
		"LICENSG_DE": "20120319",
		"BSN_STATE_NM": "영업/정상",
		"CLSBIZ_DE": "",
		"MEDINST_SPCS_NM": "",
		"MEDSTAF_CNT": "1",
		"TREAT_SBJECT_CONT": "구강악안면외과, 치과보철과, 치과교정과, 소아치과, 치주과, 치과보존과, 구강내과, 구강악안면방사선과, 구강병리과, 예방치과, 치과",
		"TOT_AR": "132",
		"REFINE_ROADNM_ADDR": "경기도 하남시 신평로 57, 1층 (신장동)",
		"REFINE_LOTNO_ADDR": "경기도 하남시 신장동 427번지 227호",
		"REFINE_ZIPNO": "12968",
		"REFINE_WGS84_LAT": "37.5388739242",
		"REFINE_WGS84_LOGT": "127.2049839349"
	},
	{
		"SIGUN_NM": "하남시",
		"BIZPLC_NM": "연세꿈꾸는치과의원",
		"LICENSG_DE": "20191002",
		"BSN_STATE_NM": "영업/정상",
		"CLSBIZ_DE": "",
		"MEDINST_SPCS_NM": "",
		"MEDSTAF_CNT": "3",
		"TREAT_SBJECT_CONT": "구강악안면외과, 치과보철과, 치과교정과, 소아치과, 치주과, 치과보존과, 구강내과, 예방치과",
		"TOT_AR": "324.88",
		"REFINE_ROADNM_ADDR": "경기도 하남시 미사강변남로 91, 르보아파크 Ⅱ 416,426~431호 (망월동)",
		"REFINE_LOTNO_ADDR": "경기도 하남시 망월동 1119-1 르보아파크 Ⅱ",
		"REFINE_ZIPNO": "12913",
		"REFINE_WGS84_LAT": "37.5607527033",
		"REFINE_WGS84_LOGT": "127.1919898944"
	},
	{
		"SIGUN_NM": "하남시",
		"BIZPLC_NM": "유아이씨아름다운치과의원",
		"LICENSG_DE": "20160104",
		"BSN_STATE_NM": "영업/정상",
		"CLSBIZ_DE": "",
		"MEDINST_SPCS_NM": "",
		"MEDSTAF_CNT": "2",
		"TREAT_SBJECT_CONT": "치과, 예방치과, 통합치의학과",
		"TOT_AR": "142.36",
		"REFINE_ROADNM_ADDR": "경기도 하남시 조정대로 150, R204호R206호 (덕풍동, 아이테코)",
		"REFINE_LOTNO_ADDR": "경기도 하남시 덕풍동 762번지 아이테코 R204호R206호",
		"REFINE_ZIPNO": "12930",
		"REFINE_WGS84_LAT": "37.5535037868",
		"REFINE_WGS84_LOGT": "127.1946802895"
	},
	{
		"SIGUN_NM": "하남시",
		"BIZPLC_NM": "서울유치과의원",
		"LICENSG_DE": "20100527",
		"BSN_STATE_NM": "영업/정상",
		"CLSBIZ_DE": "",
		"MEDINST_SPCS_NM": "",
		"MEDSTAF_CNT": "1",
		"TREAT_SBJECT_CONT": "구강악안면외과, 치과보철과, 치과교정과, 소아치과, 치주과, 치과보존과, 통합치의학과",
		"TOT_AR": "142",
		"REFINE_ROADNM_ADDR": "경기도 하남시 신장로 142, 3층 (덕풍동)",
		"REFINE_LOTNO_ADDR": "경기도 하남시 덕풍동 416-14번지 3층",
		"REFINE_ZIPNO": "12969",
		"REFINE_WGS84_LAT": "37.5388865303",
		"REFINE_WGS84_LOGT": "127.2028218950"
	},
	{
		"SIGUN_NM": "하남시",
		"BIZPLC_NM": "하남연세치과의원",
		"LICENSG_DE": "20120113",
		"BSN_STATE_NM": "영업/정상",
		"CLSBIZ_DE": "",
		"MEDINST_SPCS_NM": "",
		"MEDSTAF_CNT": "1",
		"TREAT_SBJECT_CONT": "구강악안면외과, 치과보철과, 치과교정과, 소아치과, 치주과, 치과보존과, 구강내과, 영상치의학과, 구강병리과, 예방치과, 통합치의학과",
		"TOT_AR": "124",
		"REFINE_ROADNM_ADDR": "경기도 하남시 신장로 129, 3층 (덕풍동, 홍익빌딩)",
		"REFINE_LOTNO_ADDR": "경기도 하남시 덕풍동 419번지 16호",
		"REFINE_ZIPNO": "12978",
		"REFINE_WGS84_LAT": "37.5381319850",
		"REFINE_WGS84_LOGT": "127.2038549373"
	},
	{
		"SIGUN_NM": "하남시",
		"BIZPLC_NM": "신장치과의원",
		"LICENSG_DE": "20171215",
		"BSN_STATE_NM": "영업/정상",
		"CLSBIZ_DE": "",
		"MEDINST_SPCS_NM": "",
		"MEDSTAF_CNT": "1",
		"TREAT_SBJECT_CONT": "구강악안면외과, 치과보철과, 치과교정과, 소아치과, 치주과, 치과보존과, 구강내과, 영상치의학과, 구강병리과, 예방치과",
		"TOT_AR": "128.03",
		"REFINE_ROADNM_ADDR": "경기도 하남시 하남대로 815, 203호 (신장동, 명지캐럿108)",
		"REFINE_LOTNO_ADDR": "경기도 하남시 신장동 415번지 10호 명지캐럿108",
		"REFINE_ZIPNO": "12957",
		"REFINE_WGS84_LAT": "37.5411954349",
		"REFINE_WGS84_LOGT": "127.2070010090"
	},
	{
		"SIGUN_NM": "하남시",
		"BIZPLC_NM": "에이플러스치과의원",
		"LICENSG_DE": "20080527",
		"BSN_STATE_NM": "영업/정상",
		"CLSBIZ_DE": "",
		"MEDINST_SPCS_NM": "",
		"MEDSTAF_CNT": "2",
		"TREAT_SBJECT_CONT": "치과, 구강악안면외과, 치과보철과, 치과교정과, 소아치과, 치주과, 치과보존과, 구강내과, 영상치의학과, 구강병리과, 예방치과",
		"TOT_AR": "109.5",
		"REFINE_ROADNM_ADDR": "경기도 하남시 아리수로 570, 미사역 효성해링턴 타워 더 퍼스트 2층 2003 ~ 2005호 (망월동)",
		"REFINE_LOTNO_ADDR": "경기도 하남시 망월동 1081번지 미사역 효성해링턴 타워 더 퍼스트",
		"REFINE_ZIPNO": "12913",
		"REFINE_WGS84_LAT": "37.5668146897",
		"REFINE_WGS84_LOGT": "127.1904136102"
	},
	{
		"SIGUN_NM": "하남시",
		"BIZPLC_NM": "서울요요치과의원",
		"LICENSG_DE": "20100819",
		"BSN_STATE_NM": "영업/정상",
		"CLSBIZ_DE": "",
		"MEDINST_SPCS_NM": "",
		"MEDSTAF_CNT": "1",
		"TREAT_SBJECT_CONT": "구강악안면외과, 치과보철과, 치과교정과, 소아치과, 치주과, 치과보존과, 구강내과, 예방치과, 통합치의학과",
		"TOT_AR": "114.05",
		"REFINE_ROADNM_ADDR": "경기도 하남시 감일백제로 105, 신성메디타워 203, 204호 (감이동)",
		"REFINE_LOTNO_ADDR": "경기도 하남시 감이동 525-1 신성메디타워",
		"REFINE_ZIPNO": "13004",
		"REFINE_WGS84_LAT": "37.5046851338",
		"REFINE_WGS84_LOGT": "127.1612309350"
	},
	{
		"SIGUN_NM": "하남시",
		"BIZPLC_NM": "메디포레치과의원",
		"LICENSG_DE": "20210910",
		"BSN_STATE_NM": "영업/정상",
		"CLSBIZ_DE": "",
		"MEDINST_SPCS_NM": "",
		"MEDSTAF_CNT": "2",
		"TREAT_SBJECT_CONT": "구강악안면외과, 치과보철과, 치과교정과, 소아치과, 치주과, 치과보존과, 구강내과, 영상치의학과, 구강병리과, 예방치과, 통합치의학과",
		"TOT_AR": "188.9",
		"REFINE_ROADNM_ADDR": "경기도 하남시 미사강변대로54번길 80, 메디포레 2층 205~207호 (풍산동)",
		"REFINE_LOTNO_ADDR": "경기도 하남시 풍산동 509-3",
		"REFINE_ZIPNO": "12919",
		"REFINE_WGS84_LAT": "37.5563653469",
		"REFINE_WGS84_LOGT": "127.1894039027"
	},
	{
		"SIGUN_NM": "하남시",
		"BIZPLC_NM": "미소위례치과의원",
		"LICENSG_DE": "20210727",
		"BSN_STATE_NM": "영업/정상",
		"CLSBIZ_DE": "",
		"MEDINST_SPCS_NM": "",
		"MEDSTAF_CNT": "1",
		"TREAT_SBJECT_CONT": "구강악안면외과, 치과보철과, 치과교정과, 소아치과, 치주과, 치과보존과, 구강내과, 영상치의학과, 예방치과, 통합치의학과",
		"TOT_AR": "155.26",
		"REFINE_ROADNM_ADDR": "경기도 하남시 위례학암로14번길 11, 위례 메디프라자 5층 505~509호 (학암동)",
		"REFINE_LOTNO_ADDR": "경기도 하남시 학암동 647-6",
		"REFINE_ZIPNO": "13010",
		"REFINE_WGS84_LAT": "37.4874756694",
		"REFINE_WGS84_LOGT": "127.1572591306"
	},
	{
		"SIGUN_NM": "하남시",
		"BIZPLC_NM": "미사연세치과의원",
		"LICENSG_DE": "20180912",
		"BSN_STATE_NM": "영업/정상",
		"CLSBIZ_DE": "",
		"MEDINST_SPCS_NM": "",
		"MEDSTAF_CNT": "1",
		"TREAT_SBJECT_CONT": "구강악안면외과, 치과보철과, 치과교정과, 소아치과, 치주과, 치과보존과, 구강내과, 영상치의학과, 구강병리과, 예방치과",
		"TOT_AR": "88.2",
		"REFINE_ROADNM_ADDR": "경기도 하남시 미사강변대로 62, 바토프라자 601호 (풍산동)",
		"REFINE_LOTNO_ADDR": "경기도 하남시 풍산동 514번지 1호 바토프라자",
		"REFINE_ZIPNO": "12919",
		"REFINE_WGS84_LAT": "37.5554128667",
		"REFINE_WGS84_LOGT": "127.1871095273"
	},
	{
		"SIGUN_NM": "하남시",
		"BIZPLC_NM": "감일포레치과의원",
		"LICENSG_DE": "20220907",
		"BSN_STATE_NM": "영업/정상",
		"CLSBIZ_DE": "",
		"MEDINST_SPCS_NM": "",
		"MEDSTAF_CNT": "1",
		"TREAT_SBJECT_CONT": "구강악안면외과, 치과보철과, 소아치과, 치주과, 치과보존과, 구강내과, 영상치의학과, 예방치과, 통합치의학과",
		"TOT_AR": "142",
		"REFINE_ROADNM_ADDR": "경기도 하남시 감일백제로180번길 20, 3층 301,302호 (감이동)",
		"REFINE_LOTNO_ADDR": "경기도 하남시 감이동 443-1",
		"REFINE_ZIPNO": "12999",
		"REFINE_WGS84_LAT": "37.5089502830",
		"REFINE_WGS84_LOGT": "127.1555882121"
	},
	{
		"SIGUN_NM": "하남시",
		"BIZPLC_NM": "퍼스트치과의원",
		"LICENSG_DE": "20201013",
		"BSN_STATE_NM": "영업/정상",
		"CLSBIZ_DE": "",
		"MEDINST_SPCS_NM": "",
		"MEDSTAF_CNT": "2",
		"TREAT_SBJECT_CONT": "구강악안면외과, 치과보철과, 치과교정과, 소아치과, 치주과, 치과보존과, 구강내과, 영상치의학과, 구강병리과, 예방치과, 통합치의학과",
		"TOT_AR": "322.2",
		"REFINE_ROADNM_ADDR": "경기도 하남시 미사강변동로 95, 힐스테이트 미사역 그랑파사쥬(12-1BL) 3층 3032~3034호 (망월동)",
		"REFINE_LOTNO_ADDR": "경기도 하남시 망월동 1100 힐스테이트 미사역 그랑파사쥬(12-1BL)",
		"REFINE_ZIPNO": "12913",
		"REFINE_WGS84_LAT": "37.5637265182",
		"REFINE_WGS84_LOGT": "127.1917398667"
	},
	{
		"SIGUN_NM": "하남시",
		"BIZPLC_NM": "감일어린이치과의원",
		"LICENSG_DE": "20210423",
		"BSN_STATE_NM": "영업/정상",
		"CLSBIZ_DE": "",
		"MEDINST_SPCS_NM": "",
		"MEDSTAF_CNT": "1",
		"TREAT_SBJECT_CONT": "소아치과",
		"TOT_AR": "182.71",
		"REFINE_ROADNM_ADDR": "경기도 하남시 감일백제로83번길 24, G골든프라자 4층 401~402호 (감이동)",
		"REFINE_LOTNO_ADDR": "경기도 하남시 감이동 526-1",
		"REFINE_ZIPNO": "13004",
		"REFINE_WGS84_LAT": "37.5043599985",
		"REFINE_WGS84_LOGT": "127.1610061223"
	},
	{
		"SIGUN_NM": "하남시",
		"BIZPLC_NM": "감일나무치과의원",
		"LICENSG_DE": "20210311",
		"BSN_STATE_NM": "영업/정상",
		"CLSBIZ_DE": "",
		"MEDINST_SPCS_NM": "",
		"MEDSTAF_CNT": "1",
		"TREAT_SBJECT_CONT": "구강악안면외과, 치과보철과, 치과교정과, 소아치과, 치주과, 치과보존과, 구강내과, 영상치의학과, 구강병리과, 예방치과, 통합치의학과",
		"TOT_AR": "161.43",
		"REFINE_ROADNM_ADDR": "경기도 하남시 신우실로 61, 4층 407, 408호 (감일동)",
		"REFINE_LOTNO_ADDR": "경기도 하남시 감일동 528-1",
		"REFINE_ZIPNO": "12996",
		"REFINE_WGS84_LAT": "37.5099774189",
		"REFINE_WGS84_LOGT": "127.1616822458"
	},
	{
		"SIGUN_NM": "하남시",
		"BIZPLC_NM": "세란치과의원",
		"LICENSG_DE": "19900402",
		"BSN_STATE_NM": "영업/정상",
		"CLSBIZ_DE": "",
		"MEDINST_SPCS_NM": "",
		"MEDSTAF_CNT": "1",
		"TREAT_SBJECT_CONT": "치과",
		"TOT_AR": "56.19",
		"REFINE_ROADNM_ADDR": "경기도 하남시 신장로 156, 405호 (덕풍동, 하남프라자)",
		"REFINE_LOTNO_ADDR": "경기도 하남시 덕풍동 394번지 1호 405호",
		"REFINE_ZIPNO": "12969",
		"REFINE_WGS84_LAT": "37.5399298978",
		"REFINE_WGS84_LOGT": "127.2019461542"
	},
	{
		"SIGUN_NM": "하남시",
		"BIZPLC_NM": "e튼튼치과의원",
		"LICENSG_DE": "20201124",
		"BSN_STATE_NM": "영업/정상",
		"CLSBIZ_DE": "",
		"MEDINST_SPCS_NM": "",
		"MEDSTAF_CNT": "2",
		"TREAT_SBJECT_CONT": "구강악안면외과, 치과보철과, 치과교정과, 소아치과, 치주과, 치과보존과, 구강내과, 영상치의학과, 구강병리과, 예방치과",
		"TOT_AR": "165.1",
		"REFINE_ROADNM_ADDR": "경기도 하남시 감일백제로 109, M타워 감일 202~204호 (감이동)",
		"REFINE_LOTNO_ADDR": "경기도 하남시 감이동 524-2 M타워 감일",
		"REFINE_ZIPNO": "13004",
		"REFINE_WGS84_LAT": "37.5047830485",
		"REFINE_WGS84_LOGT": "127.1608005546"
	},
	{
		"SIGUN_NM": "하남시",
		"BIZPLC_NM": "서울클리어치과교정과치과의원",
		"LICENSG_DE": "20180806",
		"BSN_STATE_NM": "영업/정상",
		"CLSBIZ_DE": "",
		"MEDINST_SPCS_NM": "",
		"MEDSTAF_CNT": "1",
		"TREAT_SBJECT_CONT": "치과교정과",
		"TOT_AR": "145.6",
		"REFINE_ROADNM_ADDR": "경기도 하남시 미사강변남로 103, 미사랑데르Ⅲ 503,504호 (망월동)",
		"REFINE_LOTNO_ADDR": "경기도 하남시 망월동 1121번지 2호 미사랑데르Ⅲ",
		"REFINE_ZIPNO": "12913",
		"REFINE_WGS84_LAT": "37.5610715342",
		"REFINE_WGS84_LOGT": "127.1932793666"
	},
	{
		"SIGUN_NM": "하남시",
		"BIZPLC_NM": "서울샤인치과의원",
		"LICENSG_DE": "20180814",
		"BSN_STATE_NM": "영업/정상",
		"CLSBIZ_DE": "",
		"MEDINST_SPCS_NM": "",
		"MEDSTAF_CNT": "1",
		"TREAT_SBJECT_CONT": "구강악안면외과, 치과보철과, 치과교정과, 소아치과, 치주과, 치과보존과, 구강내과, 영상치의학과, 구강병리과, 예방치과",
		"TOT_AR": "168.1",
		"REFINE_ROADNM_ADDR": "경기도 하남시 미사강변남로 45, 골든브릿지 310,311호 (망월동)",
		"REFINE_LOTNO_ADDR": "경기도 하남시 망월동 1067번지 골든브릿지",
		"REFINE_ZIPNO": "12914",
		"REFINE_WGS84_LAT": "37.5601526466",
		"REFINE_WGS84_LOGT": "127.1866028387"
	},
	{
		"SIGUN_NM": "하남시",
		"BIZPLC_NM": "연세덕풍치과의원",
		"LICENSG_DE": "20180824",
		"BSN_STATE_NM": "영업/정상",
		"CLSBIZ_DE": "",
		"MEDINST_SPCS_NM": "",
		"MEDSTAF_CNT": "1",
		"TREAT_SBJECT_CONT": "구강악안면외과, 치과보철과, 치과교정과, 소아치과, 치주과, 치과보존과, 구강내과, 영상치의학과, 구강병리과, 예방치과",
		"TOT_AR": "219.2",
		"REFINE_ROADNM_ADDR": "경기도 하남시 하남대로 821, 일흥빌딩 2,3층 (덕풍동)",
		"REFINE_LOTNO_ADDR": "경기도 하남시 덕풍동 406번지 2호 일흥빌딩",
		"REFINE_ZIPNO": "12967",
		"REFINE_WGS84_LAT": "37.5416358025",
		"REFINE_WGS84_LOGT": "127.2064785778"
	},
	{
		"SIGUN_NM": "하남시",
		"BIZPLC_NM": "위례쓰담치과의원",
		"LICENSG_DE": "20211208",
		"BSN_STATE_NM": "영업/정상",
		"CLSBIZ_DE": "",
		"MEDINST_SPCS_NM": "",
		"MEDSTAF_CNT": "1",
		"TREAT_SBJECT_CONT": "구강악안면외과, 치과보철과, 치과교정과, 소아치과, 치주과, 치과보존과, 구강내과, 영상치의학과, 예방치과, 통합치의학과",
		"TOT_AR": "185.8",
		"REFINE_ROADNM_ADDR": "경기도 하남시 위례학암로14번길 35, 경서타워1 3층 301~303호 (학암동)",
		"REFINE_LOTNO_ADDR": "경기도 하남시 학암동 647-2",
		"REFINE_ZIPNO": "13010",
		"REFINE_WGS84_LAT": "37.4876764250",
		"REFINE_WGS84_LOGT": "127.1581065816"
	},
	{
		"SIGUN_NM": "하남시",
		"BIZPLC_NM": "서울아산오케이치과의원",
		"LICENSG_DE": "20211021",
		"BSN_STATE_NM": "영업/정상",
		"CLSBIZ_DE": "",
		"MEDINST_SPCS_NM": "",
		"MEDSTAF_CNT": "2",
		"TREAT_SBJECT_CONT": "구강악안면외과, 치과보철과, 치과교정과, 소아치과, 치주과, 치과보존과, 구강내과, 영상치의학과, 구강병리과, 예방치과, 통합치의학과",
		"TOT_AR": "231.1",
		"REFINE_ROADNM_ADDR": "경기도 하남시 미사강변동로 74, 일옹미사타워 3층 301~302호 (망월동)",
		"REFINE_LOTNO_ADDR": "경기도 하남시 망월동 1134",
		"REFINE_ZIPNO": "12912",
		"REFINE_WGS84_LAT": "37.5618391463",
		"REFINE_WGS84_LOGT": "127.1938423592"
	},
	{
		"SIGUN_NM": "하남시",
		"BIZPLC_NM": "연세스마트치과의원",
		"LICENSG_DE": "20211027",
		"BSN_STATE_NM": "영업/정상",
		"CLSBIZ_DE": "",
		"MEDINST_SPCS_NM": "",
		"MEDSTAF_CNT": "2",
		"TREAT_SBJECT_CONT": "구강악안면외과, 치과보철과, 치과교정과, 치주과, 치과보존과, 구강내과, 영상치의학과, 구강병리과, 예방치과, 통합치의학과",
		"TOT_AR": "273.72",
		"REFINE_ROADNM_ADDR": "경기도 하남시 감일백제로180번길 9, 5층 505호,506호 (감이동)",
		"REFINE_LOTNO_ADDR": "경기도 하남시 감이동 441-2번지 5층 505호,506호",
		"REFINE_ZIPNO": "12999",
		"REFINE_WGS84_LAT": "37.5087661790",
		"REFINE_WGS84_LOGT": "127.1542765461"
	},
	{
		"SIGUN_NM": "하남시",
		"BIZPLC_NM": "리온치과교정과치과의원",
		"LICENSG_DE": "20200423",
		"BSN_STATE_NM": "영업/정상",
		"CLSBIZ_DE": "",
		"MEDINST_SPCS_NM": "",
		"MEDSTAF_CNT": "2",
		"TREAT_SBJECT_CONT": "구강악안면외과, 치과보철과, 치과교정과, 소아치과, 치주과, 치과보존과, 구강내과, 영상치의학과, 구강병리과, 예방치과, 통합치의학과",
		"TOT_AR": "239.73",
		"REFINE_ROADNM_ADDR": "경기도 하남시 미사강변동로 70, 더 오페라 401~404호 (망월동)",
		"REFINE_LOTNO_ADDR": "경기도 하남시 망월동 1134번지 2호 더 오페라",
		"REFINE_ZIPNO": "12912",
		"REFINE_WGS84_LAT": "37.5613439059",
		"REFINE_WGS84_LOGT": "127.1940368719"
	},
	{
		"SIGUN_NM": "하남시",
		"BIZPLC_NM": "서울아이비치과의원",
		"LICENSG_DE": "20210927",
		"BSN_STATE_NM": "영업/정상",
		"CLSBIZ_DE": "",
		"MEDINST_SPCS_NM": "",
		"MEDSTAF_CNT": "1",
		"TREAT_SBJECT_CONT": "구강악안면외과, 치과보철과, 치과교정과, 소아치과, 치주과, 치과보존과, 구강내과, 영상치의학과, 구강병리과, 예방치과, 통합치의학과",
		"TOT_AR": "288.51",
		"REFINE_ROADNM_ADDR": "경기도 하남시 신장동로29번길 40, 2층 (신장동)",
		"REFINE_LOTNO_ADDR": "경기도 하남시 신장동 587",
		"REFINE_ZIPNO": "12948",
		"REFINE_WGS84_LAT": "37.5440654601",
		"REFINE_WGS84_LOGT": "127.2121743853"
	},
	{
		"SIGUN_NM": "하남시",
		"BIZPLC_NM": "서울더고운치과의원",
		"LICENSG_DE": "20200623",
		"BSN_STATE_NM": "영업/정상",
		"CLSBIZ_DE": "",
		"MEDINST_SPCS_NM": "",
		"MEDSTAF_CNT": "3",
		"TREAT_SBJECT_CONT": "구강악안면외과, 치과보철과, 치과교정과, 소아치과, 치주과, 치과보존과, 구강내과, 영상치의학과, 구강병리과, 예방치과, 통합치의학과",
		"TOT_AR": "210.86",
		"REFINE_ROADNM_ADDR": "경기도 하남시 미사강변동로 81, 미사역 큐브앤 타워 401~403호 (망월동)",
		"REFINE_LOTNO_ADDR": "경기도 하남시 망월동 1116번지 미사역 큐브앤 타워",
		"REFINE_ZIPNO": "12913",
		"REFINE_WGS84_LAT": "37.5622508820",
		"REFINE_WGS84_LOGT": "127.1927310349"
	},
	{
		"SIGUN_NM": "하남시",
		"BIZPLC_NM": "하남중앙치과의원",
		"LICENSG_DE": "20210514",
		"BSN_STATE_NM": "영업/정상",
		"CLSBIZ_DE": "",
		"MEDINST_SPCS_NM": "",
		"MEDSTAF_CNT": "1",
		"TREAT_SBJECT_CONT": "구강악안면외과, 치과보철과, 치과교정과, 소아치과, 치주과, 치과보존과, 구강내과, 영상치의학과, 구강병리과, 예방치과, 통합치의학과",
		"TOT_AR": "162.21",
		"REFINE_ROADNM_ADDR": "경기도 하남시 신장로 160, 2층 (덕풍동)",
		"REFINE_LOTNO_ADDR": "경기도 하남시 덕풍동 393-1",
		"REFINE_ZIPNO": "12970",
		"REFINE_WGS84_LAT": "37.5402082580",
		"REFINE_WGS84_LOGT": "127.2015262239"
	},
	{
		"SIGUN_NM": "하남시",
		"BIZPLC_NM": "박치과의원",
		"LICENSG_DE": "20210617",
		"BSN_STATE_NM": "영업/정상",
		"CLSBIZ_DE": "",
		"MEDINST_SPCS_NM": "",
		"MEDSTAF_CNT": "1",
		"TREAT_SBJECT_CONT": "구강악안면외과, 치과보철과, 치과교정과, 소아치과, 치주과, 치과보존과, 구강내과, 영상치의학과, 구강병리과, 예방치과, 통합치의학과",
		"TOT_AR": "63.84",
		"REFINE_ROADNM_ADDR": "경기도 하남시 미사대로 520, 현대지식산업센터 한강미사2차 D동 2층 232호 (덕풍동)",
		"REFINE_LOTNO_ADDR": "경기도 하남시 덕풍동 831-1",
		"REFINE_ZIPNO": "12925",
		"REFINE_WGS84_LAT": "37.5588560558",
		"REFINE_WGS84_LOGT": "127.2046107882"
	},
	{
		"SIGUN_NM": "하남시",
		"BIZPLC_NM": "닥터서치과의원",
		"LICENSG_DE": "20210914",
		"BSN_STATE_NM": "영업/정상",
		"CLSBIZ_DE": "",
		"MEDINST_SPCS_NM": "",
		"MEDSTAF_CNT": "1",
		"TREAT_SBJECT_CONT": "구강악안면외과, 치과보철과, 치과교정과, 소아치과, 치주과, 치과보존과, 구강내과, 영상치의학과, 예방치과, 통합치의학과",
		"TOT_AR": "132.75",
		"REFINE_ROADNM_ADDR": "경기도 하남시 미사대로 540, 현대지식산업센터 한강미사2차 2층 BC02-035,036호 (덕풍동)",
		"REFINE_LOTNO_ADDR": "경기도 하남시 덕풍동 833",
		"REFINE_ZIPNO": "12925",
		"REFINE_WGS84_LAT": "37.5577144841",
		"REFINE_WGS84_LOGT": "127.2058720554"
	},
	{
		"SIGUN_NM": "하남시",
		"BIZPLC_NM": "이달종치과의원",
		"LICENSG_DE": "19890706",
		"BSN_STATE_NM": "영업/정상",
		"CLSBIZ_DE": "",
		"MEDINST_SPCS_NM": "",
		"MEDSTAF_CNT": "1",
		"TREAT_SBJECT_CONT": "치과",
		"TOT_AR": "41.75",
		"REFINE_ROADNM_ADDR": "경기도 하남시 신장로 116, 2층 (신장동)",
		"REFINE_LOTNO_ADDR": "경기도 하남시 신장동 427번지 165호",
		"REFINE_ZIPNO": "12957",
		"REFINE_WGS84_LAT": "37.5378742184",
		"REFINE_WGS84_LOGT": "127.2053048102"
	},
	{
		"SIGUN_NM": "하남시",
		"BIZPLC_NM": "미사센텀샘치과의원",
		"LICENSG_DE": "20070927",
		"BSN_STATE_NM": "영업/정상",
		"CLSBIZ_DE": "",
		"MEDINST_SPCS_NM": "",
		"MEDSTAF_CNT": "2",
		"TREAT_SBJECT_CONT": "치과",
		"TOT_AR": "230.52",
		"REFINE_ROADNM_ADDR": "경기도 하남시 조정대로 45, 미사센텀비즈 알212,알213호 (풍산동)",
		"REFINE_LOTNO_ADDR": "경기도 하남시 풍산동 493번지 미사센텀비즈",
		"REFINE_ZIPNO": "12918",
		"REFINE_WGS84_LAT": "37.5506917525",
		"REFINE_WGS84_LOGT": "127.1844688056"
	},
	{
		"SIGUN_NM": "하남시",
		"BIZPLC_NM": "연세남다른플란트치과의원",
		"LICENSG_DE": "20180620",
		"BSN_STATE_NM": "영업/정상",
		"CLSBIZ_DE": "",
		"MEDINST_SPCS_NM": "",
		"MEDSTAF_CNT": "1",
		"TREAT_SBJECT_CONT": "구강악안면외과, 치과보철과, 치과교정과, 소아치과, 치주과, 치과보존과, 구강내과, 영상치의학과, 구강병리과, 예방치과, 통합치의학과",
		"TOT_AR": "156.52",
		"REFINE_ROADNM_ADDR": "경기도 하남시 미사강변중앙로198번길 35, 우성르보아리버 305,306호 (망월동)",
		"REFINE_LOTNO_ADDR": "경기도 하남시 망월동 1096번지 2호 우성르보아리버",
		"REFINE_ZIPNO": "12913",
		"REFINE_WGS84_LAT": "37.5650423027",
		"REFINE_WGS84_LOGT": "127.1916665053"
	},
	{
		"SIGUN_NM": "하남시",
		"BIZPLC_NM": "서울힐치과의원",
		"LICENSG_DE": "20160526",
		"BSN_STATE_NM": "영업/정상",
		"CLSBIZ_DE": "",
		"MEDINST_SPCS_NM": "",
		"MEDSTAF_CNT": "1",
		"TREAT_SBJECT_CONT": "구강악안면외과, 치과보철과, 치과교정과, 소아치과, 치주과, 치과보존과, 구강내과, 영상치의학과, 예방치과",
		"TOT_AR": "183.42",
		"REFINE_ROADNM_ADDR": "경기도 하남시 미사강변대로226번길 26, 304호 (망월동, 미사원프라자)",
		"REFINE_LOTNO_ADDR": "경기도 하남시 망월동 970번지 1호 304호",
		"REFINE_ZIPNO": "12909",
		"REFINE_WGS84_LAT": "37.5697932524",
		"REFINE_WGS84_LOGT": "127.1851469497"
	},
	{
		"SIGUN_NM": "하남시",
		"BIZPLC_NM": "미사서울치과의원",
		"LICENSG_DE": "20160602",
		"BSN_STATE_NM": "영업/정상",
		"CLSBIZ_DE": "",
		"MEDINST_SPCS_NM": "",
		"MEDSTAF_CNT": "1",
		"TREAT_SBJECT_CONT": "구강악안면외과, 치과보철과, 소아치과, 치주과, 치과보존과, 구강내과, 영상치의학과, 예방치과",
		"TOT_AR": "175.96",
		"REFINE_ROADNM_ADDR": "경기도 하남시 미사강변대로226번길 21, 301호302호 (망월동)",
		"REFINE_LOTNO_ADDR": "경기도 하남시 망월동 962번지 3호",
		"REFINE_ZIPNO": "12909",
		"REFINE_WGS84_LAT": "37.5701806483",
		"REFINE_WGS84_LOGT": "127.1850773746"
	},
	{
		"SIGUN_NM": "하남시",
		"BIZPLC_NM": "삼성바른치과의원",
		"LICENSG_DE": "20160906",
		"BSN_STATE_NM": "영업/정상",
		"CLSBIZ_DE": "",
		"MEDINST_SPCS_NM": "",
		"MEDSTAF_CNT": "1",
		"TREAT_SBJECT_CONT": "구강악안면외과, 치과보철과, 치과교정과, 소아치과, 치주과, 치과보존과, 구강내과, 영상치의학과, 통합치의학과",
		"TOT_AR": "173.16",
		"REFINE_ROADNM_ADDR": "경기도 하남시 미사강변대로 212, 306호307호 (망월동, 미사센트럴프라자)",
		"REFINE_LOTNO_ADDR": "경기도 하남시 망월동 968-1번지 미사센트럴프라자 306호307호",
		"REFINE_ZIPNO": "12909",
		"REFINE_WGS84_LAT": "37.5686203588",
		"REFINE_WGS84_LOGT": "127.1847215819"
	},
	{
		"SIGUN_NM": "하남시",
		"BIZPLC_NM": "더맑은치과의원",
		"LICENSG_DE": "20160908",
		"BSN_STATE_NM": "영업/정상",
		"CLSBIZ_DE": "",
		"MEDINST_SPCS_NM": "",
		"MEDSTAF_CNT": "1",
		"TREAT_SBJECT_CONT": "구강악안면외과, 치과보철과, 치과교정과, 소아치과, 치주과, 치과보존과, 구강내과, 영상치의학과, 예방치과",
		"TOT_AR": "150.52",
		"REFINE_ROADNM_ADDR": "경기도 하남시 미사강변대로 220, 401호402호 (망월동)",
		"REFINE_LOTNO_ADDR": "경기도 하남시 망월동 966번지 1호",
		"REFINE_ZIPNO": "12909",
		"REFINE_WGS84_LAT": "37.5692503908",
		"REFINE_WGS84_LOGT": "127.1843792090"
	},
	{
		"SIGUN_NM": "하남시",
		"BIZPLC_NM": "365플러스치과의원",
		"LICENSG_DE": "20190614",
		"BSN_STATE_NM": "영업/정상",
		"CLSBIZ_DE": "",
		"MEDINST_SPCS_NM": "",
		"MEDSTAF_CNT": "4",
		"TREAT_SBJECT_CONT": "구강악안면외과, 치과보철과, 치과교정과, 소아치과, 치주과, 치과보존과, 영상치의학과",
		"TOT_AR": "374.2",
		"REFINE_ROADNM_ADDR": "경기도 하남시 미사강변동로84번길 39, 에코타워 406일부, 407일부, 408~409호 (망월동)",
		"REFINE_LOTNO_ADDR": "경기도 하남시 망월동 1129번지 4호 에코타워",
		"REFINE_ZIPNO": "12912",
		"REFINE_WGS84_LAT": "37.5634021628",
		"REFINE_WGS84_LOGT": "127.1952626644"
	},
	{
		"SIGUN_NM": "하남시",
		"BIZPLC_NM": "서울으뜸치과의원",
		"LICENSG_DE": "20220207",
		"BSN_STATE_NM": "영업/정상",
		"CLSBIZ_DE": "",
		"MEDINST_SPCS_NM": "",
		"MEDSTAF_CNT": "2",
		"TREAT_SBJECT_CONT": "구강악안면외과, 치과보철과, 치과교정과, 소아치과, 치주과, 치과보존과, 구강내과, 영상치의학과, 구강병리과, 예방치과, 통합치의학과",
		"TOT_AR": "233",
		"REFINE_ROADNM_ADDR": "경기도 하남시 위례학암로14번길 31, 301~304호 (학암동)",
		"REFINE_LOTNO_ADDR": "경기도 하남시 학암동 647-4",
		"REFINE_ZIPNO": "13010",
		"REFINE_WGS84_LAT": "37.4874407959",
		"REFINE_WGS84_LOGT": "127.1576665054"
	},
	{
		"SIGUN_NM": "하남시",
		"BIZPLC_NM": "미사플러스치과의원",
		"LICENSG_DE": "20180727",
		"BSN_STATE_NM": "영업/정상",
		"CLSBIZ_DE": "",
		"MEDINST_SPCS_NM": "",
		"MEDSTAF_CNT": "2",
		"TREAT_SBJECT_CONT": "구강악안면외과, 치과보철과, 치과교정과, 소아치과, 치주과, 치과보존과, 구강내과, 영상치의학과, 구강병리과, 예방치과",
		"TOT_AR": "220.16",
		"REFINE_ROADNM_ADDR": "경기도 하남시 미사강변중앙로 226, 우성르보아파크 303,304호 (망월동)",
		"REFINE_LOTNO_ADDR": "경기도 하남시 망월동 1079번지 우성르보아파크",
		"REFINE_ZIPNO": "12913",
		"REFINE_WGS84_LAT": "37.5667936284",
		"REFINE_WGS84_LOGT": "127.1892586964"
	},
	{
		"SIGUN_NM": "하남시",
		"BIZPLC_NM": "제이플란트치과의원",
		"LICENSG_DE": "20160307",
		"BSN_STATE_NM": "영업/정상",
		"CLSBIZ_DE": "",
		"MEDINST_SPCS_NM": "",
		"MEDSTAF_CNT": "1",
		"TREAT_SBJECT_CONT": "구강악안면외과, 치과보철과, 소아치과, 치주과, 치과보존과, 구강내과, 영상치의학과",
		"TOT_AR": "52",
		"REFINE_ROADNM_ADDR": "경기도 하남시 신평로 65, 1층 (신장동)",
		"REFINE_LOTNO_ADDR": "경기도 하남시 신장동 427번지 279호",
		"REFINE_ZIPNO": "12968",
		"REFINE_WGS84_LAT": "37.5395150685",
		"REFINE_WGS84_LOGT": "127.2054568243"
	},
	{
		"SIGUN_NM": "하남시",
		"BIZPLC_NM": "서울에스치과의원",
		"LICENSG_DE": "20160929",
		"BSN_STATE_NM": "영업/정상",
		"CLSBIZ_DE": "",
		"MEDINST_SPCS_NM": "",
		"MEDSTAF_CNT": "1",
		"TREAT_SBJECT_CONT": "구강악안면외과, 치과보철과, 치과교정과, 소아치과, 치주과, 치과보존과, 구강내과, 영상치의학과, 예방치과",
		"TOT_AR": "262.92",
		"REFINE_ROADNM_ADDR": "경기도 하남시 미사강변대로 216, 한강트윈프라자2 3층 303호 (망월동)",
		"REFINE_LOTNO_ADDR": "경기도 하남시 망월동 968 한강트윈프라자2",
		"REFINE_ZIPNO": "12909",
		"REFINE_WGS84_LAT": "37.5689713681",
		"REFINE_WGS84_LOGT": "127.1845275967"
	},
	{
		"SIGUN_NM": "하남시",
		"BIZPLC_NM": "미소부부치과의원",
		"LICENSG_DE": "20111220",
		"BSN_STATE_NM": "영업/정상",
		"CLSBIZ_DE": "",
		"MEDINST_SPCS_NM": "",
		"MEDSTAF_CNT": "1",
		"TREAT_SBJECT_CONT": "구강악안면외과, 치과보철과, 치과교정과, 소아치과, 치주과, 치과보존과, 구강내과, 구강악안면방사선과, 구강병리과, 예방치과, 치과",
		"TOT_AR": "135.74",
		"REFINE_ROADNM_ADDR": "경기도 하남시 덕풍동로 111, 406호407호 (덕풍동, 풍산캐슬빌딩)",
		"REFINE_LOTNO_ADDR": "경기도 하남시 덕풍동 744번지 2호",
		"REFINE_ZIPNO": "12927",
		"REFINE_WGS84_LAT": "37.5511950252",
		"REFINE_WGS84_LOGT": "127.2084336222"
	},
	{
		"SIGUN_NM": "하남시",
		"BIZPLC_NM": "e-편한치과의원",
		"LICENSG_DE": "20130327",
		"BSN_STATE_NM": "영업/정상",
		"CLSBIZ_DE": "",
		"MEDINST_SPCS_NM": "",
		"MEDSTAF_CNT": "1",
		"TREAT_SBJECT_CONT": "치과",
		"TOT_AR": "132",
		"REFINE_ROADNM_ADDR": "경기도 하남시 신장로 144, 2층 (덕풍동)",
		"REFINE_LOTNO_ADDR": "경기도 하남시 덕풍동 416번지 15호",
		"REFINE_ZIPNO": "12969",
		"REFINE_WGS84_LAT": "37.5390032497",
		"REFINE_WGS84_LOGT": "127.2026403223"
	},
	{
		"SIGUN_NM": "하남시",
		"BIZPLC_NM": "베테랑치과의원",
		"LICENSG_DE": "20171221",
		"BSN_STATE_NM": "영업/정상",
		"CLSBIZ_DE": "",
		"MEDINST_SPCS_NM": "",
		"MEDSTAF_CNT": "1",
		"TREAT_SBJECT_CONT": "구강악안면외과, 치과보철과, 치과교정과, 소아치과, 치주과, 치과보존과, 구강내과, 통합치의학과",
		"TOT_AR": "163.48",
		"REFINE_ROADNM_ADDR": "경기도 하남시 미사강변대로 80, 그린프라자 401,402호 (풍산동)",
		"REFINE_LOTNO_ADDR": "경기도 하남시 풍산동 504-2번지 그린프라자 401,402호",
		"REFINE_ZIPNO": "12919",
		"REFINE_WGS84_LAT": "37.5570462783",
		"REFINE_WGS84_LOGT": "127.1878499537"
	},
	{
		"SIGUN_NM": "하남시",
		"BIZPLC_NM": "송치과의원",
		"LICENSG_DE": "19870513",
		"BSN_STATE_NM": "영업/정상",
		"CLSBIZ_DE": "",
		"MEDINST_SPCS_NM": "",
		"MEDSTAF_CNT": "2",
		"TREAT_SBJECT_CONT": "치과",
		"TOT_AR": "126",
		"REFINE_ROADNM_ADDR": "경기도 하남시 신장로 104, 308호 (신장동, 성원샹떼빌)",
		"REFINE_LOTNO_ADDR": "경기도 하남시 신장동 430번지 7호 308호",
		"REFINE_ZIPNO": "12958",
		"REFINE_WGS84_LAT": "37.5376338984",
		"REFINE_WGS84_LOGT": "127.2065282222"
	},
	{
		"SIGUN_NM": "하남시",
		"BIZPLC_NM": "로덴치과의원",
		"LICENSG_DE": "20080704",
		"BSN_STATE_NM": "영업/정상",
		"CLSBIZ_DE": "",
		"MEDINST_SPCS_NM": "",
		"MEDSTAF_CNT": "1",
		"TREAT_SBJECT_CONT": "치과",
		"TOT_AR": "239.65",
		"REFINE_ROADNM_ADDR": "경기도 하남시 대청로 21, 2층 (신장동)",
		"REFINE_LOTNO_ADDR": "경기도 하남시 신장동 522번지 7호",
		"REFINE_ZIPNO": "12947",
		"REFINE_WGS84_LAT": "37.5408623735",
		"REFINE_WGS84_LOGT": "127.2145411802"
	},
	{
		"SIGUN_NM": "하남시",
		"BIZPLC_NM": "코아부부치과의원",
		"LICENSG_DE": "19990201",
		"BSN_STATE_NM": "영업/정상",
		"CLSBIZ_DE": "",
		"MEDINST_SPCS_NM": "",
		"MEDSTAF_CNT": "2",
		"TREAT_SBJECT_CONT": "치과",
		"TOT_AR": "70.29",
		"REFINE_ROADNM_ADDR": "경기도 하남시 대청로 33, 706호 (신장동, 현대베스코아빌딩)",
		"REFINE_LOTNO_ADDR": "경기도 하남시 신장동 523번지 1호 현대 베스코아 7층",
		"REFINE_ZIPNO": "12947",
		"REFINE_WGS84_LAT": "37.5411002724",
		"REFINE_WGS84_LOGT": "127.2160118288"
	},
	{
		"SIGUN_NM": "하남시",
		"BIZPLC_NM": "지승용치과의원",
		"LICENSG_DE": "19950321",
		"BSN_STATE_NM": "영업/정상",
		"CLSBIZ_DE": "",
		"MEDINST_SPCS_NM": "",
		"MEDSTAF_CNT": "1",
		"TREAT_SBJECT_CONT": "치과",
		"TOT_AR": "65.52",
		"REFINE_ROADNM_ADDR": "경기도 하남시 대청로116번길 59-1, 302호 (창우동, 신안아파트상가)",
		"REFINE_LOTNO_ADDR": "경기도 하남시 창우동 521번지 신안아파트 302호",
		"REFINE_ZIPNO": "12955",
		"REFINE_WGS84_LAT": "37.5371178078",
		"REFINE_WGS84_LOGT": "127.2242672063"
	},
	{
		"SIGUN_NM": "하남시",
		"BIZPLC_NM": "미사플란트치과의원",
		"LICENSG_DE": "20180116",
		"BSN_STATE_NM": "영업/정상",
		"CLSBIZ_DE": "",
		"MEDINST_SPCS_NM": "",
		"MEDSTAF_CNT": "2",
		"TREAT_SBJECT_CONT": "구강악안면외과, 치과보철과, 치과교정과, 소아치과, 치주과, 치과보존과, 구강내과, 영상치의학과, 구강병리과, 예방치과, 통합치의학과",
		"TOT_AR": "275.03",
		"REFINE_ROADNM_ADDR": "경기도 하남시 미사강변대로 76, 미사베스트프라자 405,406,407호 (풍산동)",
		"REFINE_LOTNO_ADDR": "경기도 하남시 풍산동 504-3번지 미사베스트프라자 405,406,407호",
		"REFINE_ZIPNO": "12919",
		"REFINE_WGS84_LAT": "37.5566671147",
		"REFINE_WGS84_LOGT": "127.1876250953"
	},
	{
		"SIGUN_NM": "하남시",
		"BIZPLC_NM": "웰치과의원",
		"LICENSG_DE": "20180305",
		"BSN_STATE_NM": "영업/정상",
		"CLSBIZ_DE": "",
		"MEDINST_SPCS_NM": "",
		"MEDSTAF_CNT": "1",
		"TREAT_SBJECT_CONT": "구강악안면외과, 치과보철과, 치과교정과, 소아치과, 치주과, 치과보존과, 구강내과, 영상치의학과, 구강병리과, 예방치과",
		"TOT_AR": "119.34",
		"REFINE_ROADNM_ADDR": "경기도 하남시 미사강변동로 73, 미사강변 노블레스 516,517,518호 (망월동)",
		"REFINE_LOTNO_ADDR": "경기도 하남시 망월동 1117번지 미사강변 노블레스",
		"REFINE_ZIPNO": "12913",
		"REFINE_WGS84_LAT": "37.5615485699",
		"REFINE_WGS84_LOGT": "127.1930169878"
	},
	{
		"SIGUN_NM": "하남시",
		"BIZPLC_NM": "양익성치과의원",
		"LICENSG_DE": "20040612",
		"BSN_STATE_NM": "영업/정상",
		"CLSBIZ_DE": "",
		"MEDINST_SPCS_NM": "",
		"MEDSTAF_CNT": "1",
		"TREAT_SBJECT_CONT": "구강악안면외과, 치과보철과, 치과교정과, 소아치과, 치주과, 치과보존과, 구강내과, 구강악안면방사선과, 치과",
		"TOT_AR": "125.06",
		"REFINE_ROADNM_ADDR": "경기도 하남시 신장로 194, 3층 (덕풍동)",
		"REFINE_LOTNO_ADDR": "경기도 하남시 덕풍동 340번지 39호",
		"REFINE_ZIPNO": "12971",
		"REFINE_WGS84_LAT": "37.5425467967",
		"REFINE_WGS84_LOGT": "127.1995585633"
	},
	{
		"SIGUN_NM": "하남시",
		"BIZPLC_NM": "덴티원치과의원",
		"LICENSG_DE": "20050221",
		"BSN_STATE_NM": "영업/정상",
		"CLSBIZ_DE": "",
		"MEDINST_SPCS_NM": "",
		"MEDSTAF_CNT": "1",
		"TREAT_SBJECT_CONT": "치과",
		"TOT_AR": "95.48",
		"REFINE_ROADNM_ADDR": "경기도 하남시 신평로 84, 304호 (신장동)",
		"REFINE_LOTNO_ADDR": "경기도 하남시 신장동 415번지 44호",
		"REFINE_ZIPNO": "12957",
		"REFINE_WGS84_LAT": "37.5407266493",
		"REFINE_WGS84_LOGT": "127.2069688846"
	},
	{
		"SIGUN_NM": "하남시",
		"BIZPLC_NM": "서울준치과의원",
		"LICENSG_DE": "20050727",
		"BSN_STATE_NM": "영업/정상",
		"CLSBIZ_DE": "",
		"MEDINST_SPCS_NM": "",
		"MEDSTAF_CNT": "1",
		"TREAT_SBJECT_CONT": "치과",
		"TOT_AR": "100.4",
		"REFINE_ROADNM_ADDR": "경기도 하남시 신장로 151, 203호204호205호 (덕풍동, 대동피렌체상가)",
		"REFINE_LOTNO_ADDR": "경기도 하남시 덕풍동 372번지 2호 대동피렌체 상가 2층 203,204,205호",
		"REFINE_ZIPNO": "12976",
		"REFINE_WGS84_LAT": "37.5394964789",
		"REFINE_WGS84_LOGT": "127.2016422553"
	},
	{
		"SIGUN_NM": "하남시",
		"BIZPLC_NM": "연세스마일드림치과의원",
		"LICENSG_DE": "20070410",
		"BSN_STATE_NM": "영업/정상",
		"CLSBIZ_DE": "",
		"MEDINST_SPCS_NM": "",
		"MEDSTAF_CNT": "1",
		"TREAT_SBJECT_CONT": "치과",
		"TOT_AR": "166.68",
		"REFINE_ROADNM_ADDR": "경기도 하남시 대청로 30, 2층 (신장동, 우신빌딩)",
		"REFINE_LOTNO_ADDR": "경기도 하남시 신장동 524번지 2호 우신빌딩 2층",
		"REFINE_ZIPNO": "12951",
		"REFINE_WGS84_LAT": "37.5404951150",
		"REFINE_WGS84_LOGT": "127.2154934239"
	},
	{
		"SIGUN_NM": "하남시",
		"BIZPLC_NM": "김용성치과의원",
		"LICENSG_DE": "19930416",
		"BSN_STATE_NM": "영업/정상",
		"CLSBIZ_DE": "",
		"MEDINST_SPCS_NM": "",
		"MEDSTAF_CNT": "1",
		"TREAT_SBJECT_CONT": "치과",
		"TOT_AR": "106.41",
		"REFINE_ROADNM_ADDR": "경기도 하남시 신평로 43, 3층 (덕풍동)",
		"REFINE_LOTNO_ADDR": "경기도 하남시 덕풍동 460번지 4호",
		"REFINE_ZIPNO": "12978",
		"REFINE_WGS84_LAT": "37.5376280524",
		"REFINE_WGS84_LOGT": "127.2041851850"
	},
	{
		"SIGUN_NM": "하남시",
		"BIZPLC_NM": "연세치과의원",
		"LICENSG_DE": "19950918",
		"BSN_STATE_NM": "영업/정상",
		"CLSBIZ_DE": "",
		"MEDINST_SPCS_NM": "",
		"MEDSTAF_CNT": "1",
		"TREAT_SBJECT_CONT": "치과",
		"TOT_AR": "51.84",
		"REFINE_ROADNM_ADDR": "경기도 하남시 신평로 59, 2층 (신장동)",
		"REFINE_LOTNO_ADDR": "경기도 하남시 신장동 427번지 415호",
		"REFINE_ZIPNO": "12968",
		"REFINE_WGS84_LAT": "37.5390545615",
		"REFINE_WGS84_LOGT": "127.2051303747"
	},
	{
		"SIGUN_NM": "하남시",
		"BIZPLC_NM": "서울미소샘치과의원",
		"LICENSG_DE": "20161221",
		"BSN_STATE_NM": "영업/정상",
		"CLSBIZ_DE": "",
		"MEDINST_SPCS_NM": "",
		"MEDSTAF_CNT": "1",
		"TREAT_SBJECT_CONT": "치과교정과, 소아치과, 치주과, 치과보존과, 구강내과, 영상치의학과, 구강병리과, 예방치과",
		"TOT_AR": "124.8",
		"REFINE_ROADNM_ADDR": "경기도 하남시 미사강변대로 222, 301호 (망월동, 미사중앙프라자)",
		"REFINE_LOTNO_ADDR": "경기도 하남시 망월동 966번지",
		"REFINE_ZIPNO": "12909",
		"REFINE_WGS84_LAT": "37.5694933596",
		"REFINE_WGS84_LOGT": "127.1842309725"
	},
	{
		"SIGUN_NM": "하남시",
		"BIZPLC_NM": "미사주니어치과의원",
		"LICENSG_DE": "20170418",
		"BSN_STATE_NM": "영업/정상",
		"CLSBIZ_DE": "",
		"MEDINST_SPCS_NM": "",
		"MEDSTAF_CNT": "2",
		"TREAT_SBJECT_CONT": "소아치과",
		"TOT_AR": "160.09",
		"REFINE_ROADNM_ADDR": "경기도 하남시 미사강변대로 206, 603호 604호 (망월동, 리더스프라자)",
		"REFINE_LOTNO_ADDR": "경기도 하남시 망월동 968번지 4호",
		"REFINE_ZIPNO": "12909",
		"REFINE_WGS84_LAT": "37.5680265909",
		"REFINE_WGS84_LOGT": "127.1851430624"
	},
	{
		"SIGUN_NM": "하남시",
		"BIZPLC_NM": "예담성모치과의원",
		"LICENSG_DE": "20031004",
		"BSN_STATE_NM": "영업/정상",
		"CLSBIZ_DE": "",
		"MEDINST_SPCS_NM": "",
		"MEDSTAF_CNT": "1",
		"TREAT_SBJECT_CONT": "구강악안면외과, 치과보철과, 치과교정과, 소아치과, 치주과, 치과보존과, 구강내과, 영상치의학과, 구강병리과, 예방치과, 통합치의학과",
		"TOT_AR": "83.1",
		"REFINE_ROADNM_ADDR": "경기도 하남시 신평로 46, 2층 (신장동)",
		"REFINE_LOTNO_ADDR": "경기도 하남시 신장동 427-14번지 2층",
		"REFINE_ZIPNO": "12965",
		"REFINE_WGS84_LAT": "37.5378455094",
		"REFINE_WGS84_LOGT": "127.2046370925"
	},
	{
		"SIGUN_NM": "하남시",
		"BIZPLC_NM": "미사리더스치과의원",
		"LICENSG_DE": "20161006",
		"BSN_STATE_NM": "영업/정상",
		"CLSBIZ_DE": "",
		"MEDINST_SPCS_NM": "",
		"MEDSTAF_CNT": "1",
		"TREAT_SBJECT_CONT": "구강악안면외과, 치과보철과, 소아치과, 치주과, 치과보존과, 구강내과, 영상치의학과, 예방치과",
		"TOT_AR": "235.62",
		"REFINE_ROADNM_ADDR": "경기도 하남시 미사강변대로 222, 302호303호 (망월동, 미사중앙프라자)",
		"REFINE_LOTNO_ADDR": "경기도 하남시 망월동 966번지",
		"REFINE_ZIPNO": "12909",
		"REFINE_WGS84_LAT": "37.5694933596",
		"REFINE_WGS84_LOGT": "127.1842309725"
	},
	{
		"SIGUN_NM": "하남시",
		"BIZPLC_NM": "좋은하루치과의원",
		"LICENSG_DE": "20170804",
		"BSN_STATE_NM": "영업/정상",
		"CLSBIZ_DE": "",
		"MEDINST_SPCS_NM": "",
		"MEDSTAF_CNT": "2",
		"TREAT_SBJECT_CONT": "구강악안면외과, 치과보철과, 치과교정과, 소아치과, 치주과, 치과보존과, 구강내과, 영상치의학과, 예방치과",
		"TOT_AR": "175.08",
		"REFINE_ROADNM_ADDR": "경기도 하남시 미사강변중앙로 220, 403호 (망월동, 우성미사타워)",
		"REFINE_LOTNO_ADDR": "경기도 하남시 망월동 1079번지 1호",
		"REFINE_ZIPNO": "12913",
		"REFINE_WGS84_LAT": "37.5662887868",
		"REFINE_WGS84_LOGT": "127.1892268232"
	},
	{
		"SIGUN_NM": "하남시",
		"BIZPLC_NM": "연세위더스치과의원",
		"LICENSG_DE": "20170808",
		"BSN_STATE_NM": "영업/정상",
		"CLSBIZ_DE": "",
		"MEDINST_SPCS_NM": "",
		"MEDSTAF_CNT": "1",
		"TREAT_SBJECT_CONT": "구강악안면외과, 치과보철과, 치과교정과, 소아치과, 치주과, 치과보존과, 구강내과, 영상치의학과, 구강병리과, 예방치과",
		"TOT_AR": "137.87",
		"REFINE_ROADNM_ADDR": "경기도 하남시 미사강변동로 73, 404-1호,405호,406호,407호 (망월동, 미사강변노블레스)",
		"REFINE_LOTNO_ADDR": "경기도 하남시 망월동 1117번지",
		"REFINE_ZIPNO": "12913",
		"REFINE_WGS84_LAT": "37.5615485699",
		"REFINE_WGS84_LOGT": "127.1930169878"
	},
	{
		"SIGUN_NM": "하남시",
		"BIZPLC_NM": "연세이담치과의원",
		"LICENSG_DE": "20170811",
		"BSN_STATE_NM": "영업/정상",
		"CLSBIZ_DE": "",
		"MEDINST_SPCS_NM": "",
		"MEDSTAF_CNT": "1",
		"TREAT_SBJECT_CONT": "구강악안면외과, 치과보철과, 치과교정과, 소아치과, 치주과, 치과보존과, 구강내과, 영상치의학과, 구강병리과, 예방치과",
		"TOT_AR": "230.28",
		"REFINE_ROADNM_ADDR": "경기도 하남시 미사강변동로 73, 608호,609호,610호,611호 (망월동, 미사강변노블레스)",
		"REFINE_LOTNO_ADDR": "경기도 하남시 망월동 1117번지",
		"REFINE_ZIPNO": "12913",
		"REFINE_WGS84_LAT": "37.5615485699",
		"REFINE_WGS84_LOGT": "127.1930169878"
	},
	{
		"SIGUN_NM": "하남시",
		"BIZPLC_NM": "하남리더스치과의원",
		"LICENSG_DE": "20170905",
		"BSN_STATE_NM": "영업/정상",
		"CLSBIZ_DE": "",
		"MEDINST_SPCS_NM": "",
		"MEDSTAF_CNT": "1",
		"TREAT_SBJECT_CONT": "구강악안면외과, 치과보철과, 치과교정과, 소아치과, 치주과, 치과보존과, 구강내과, 영상치의학과, 구강병리과, 예방치과",
		"TOT_AR": "218",
		"REFINE_ROADNM_ADDR": "경기도 하남시 신장로 133, 2층 (덕풍동)",
		"REFINE_LOTNO_ADDR": "경기도 하남시 덕풍동 419번지 17호",
		"REFINE_ZIPNO": "12978",
		"REFINE_WGS84_LAT": "37.5382752919",
		"REFINE_WGS84_LOGT": "127.2034921552"
	},
	{
		"SIGUN_NM": "하남시",
		"BIZPLC_NM": "연세바른치과의원",
		"LICENSG_DE": "20180411",
		"BSN_STATE_NM": "영업/정상",
		"CLSBIZ_DE": "",
		"MEDINST_SPCS_NM": "",
		"MEDSTAF_CNT": "3",
		"TREAT_SBJECT_CONT": "구강악안면외과, 치과보철과, 치과교정과, 소아치과, 치주과, 치과보존과, 구강내과, 영상치의학과, 구강병리과, 예방치과",
		"TOT_AR": "108.18",
		"REFINE_ROADNM_ADDR": "경기도 하남시 미사강변동로 79, 미사역타워 703호 (망월동)",
		"REFINE_LOTNO_ADDR": "경기도 하남시 망월동 1116번지 1호 미사역타워",
		"REFINE_ZIPNO": "12913",
		"REFINE_WGS84_LAT": "37.5620437496",
		"REFINE_WGS84_LOGT": "127.1927998225"
	},
	{
		"SIGUN_NM": "하남시",
		"BIZPLC_NM": "서울치과의원",
		"LICENSG_DE": "20110719",
		"BSN_STATE_NM": "영업/정상",
		"CLSBIZ_DE": "",
		"MEDINST_SPCS_NM": "",
		"MEDSTAF_CNT": "1",
		"TREAT_SBJECT_CONT": "구강악안면외과, 치과보철과, 치과교정과, 소아치과, 치주과, 치과보존과, 구강내과, 영상치의학과, 구강병리과, 예방치과, 통합치의학과",
		"TOT_AR": "94.49",
		"REFINE_ROADNM_ADDR": "경기도 하남시 신장로 152, 4층 (덕풍동, 성하빌딩)",
		"REFINE_LOTNO_ADDR": "경기도 하남시 덕풍동 415-72번지 성하빌딩 4층",
		"REFINE_ZIPNO": "12969",
		"REFINE_WGS84_LAT": "37.5395249193",
		"REFINE_WGS84_LOGT": "127.2021967934"
	},
	{
		"SIGUN_NM": "하남시",
		"BIZPLC_NM": "위드치과의원",
		"LICENSG_DE": "20140519",
		"BSN_STATE_NM": "영업/정상",
		"CLSBIZ_DE": "",
		"MEDINST_SPCS_NM": "",
		"MEDSTAF_CNT": "1",
		"TREAT_SBJECT_CONT": "치과, 구강악안면외과, 치과보철과, 치과교정과, 소아치과, 치주과, 치과보존과, 구강내과, 영상치의학과, 구강병리과, 예방치과",
		"TOT_AR": "150.41",
		"REFINE_ROADNM_ADDR": "경기도 하남시 신장로 141, 4층 (덕풍동, 에스앤빌딩)",
		"REFINE_LOTNO_ADDR": "경기도 하남시 덕풍동 426번지 7호 4층",
		"REFINE_ZIPNO": "12977",
		"REFINE_WGS84_LAT": "37.5386245978",
		"REFINE_WGS84_LOGT": "127.2026078682"
	},
	{
		"SIGUN_NM": "하남시",
		"BIZPLC_NM": "바른탑치과의원",
		"LICENSG_DE": "20171128",
		"BSN_STATE_NM": "영업/정상",
		"CLSBIZ_DE": "",
		"MEDINST_SPCS_NM": "",
		"MEDSTAF_CNT": "2",
		"TREAT_SBJECT_CONT": "구강악안면외과, 치과보철과, 치과교정과, 소아치과, 치주과, 치과보존과, 구강내과, 영상치의학과, 구강병리과, 예방치과, 통합치의학과",
		"TOT_AR": "161.19",
		"REFINE_ROADNM_ADDR": "경기도 하남시 대청로 26, 202호 (신장동)",
		"REFINE_LOTNO_ADDR": "경기도 하남시 신장동 524번지 하남리빙텔 202호",
		"REFINE_ZIPNO": "12951",
		"REFINE_WGS84_LAT": "37.5404400788",
		"REFINE_WGS84_LOGT": "127.2150974485"
	},
	{
		"SIGUN_NM": "하남시",
		"BIZPLC_NM": "미사바른치과의원",
		"LICENSG_DE": "20190225",
		"BSN_STATE_NM": "영업/정상",
		"CLSBIZ_DE": "",
		"MEDINST_SPCS_NM": "",
		"MEDSTAF_CNT": "2",
		"TREAT_SBJECT_CONT": "구강악안면외과, 치과보철과, 치과교정과, 소아치과, 치주과, 치과보존과, 구강내과, 영상치의학과, 구강병리과, 예방치과, 통합치의학과",
		"TOT_AR": "122.68",
		"REFINE_ROADNM_ADDR": "경기도 하남시 미사강변남로 29, 마인드 프라자 3층 (망월동)",
		"REFINE_LOTNO_ADDR": "경기도 하남시 망월동 1066번지 마인드 프라자",
		"REFINE_ZIPNO": "12914",
		"REFINE_WGS84_LAT": "37.5598059177",
		"REFINE_WGS84_LOGT": "127.1850191437"
	},
	{
		"SIGUN_NM": "하남시",
		"BIZPLC_NM": "하남본치과의원",
		"LICENSG_DE": "20090612",
		"BSN_STATE_NM": "영업/정상",
		"CLSBIZ_DE": "",
		"MEDINST_SPCS_NM": "",
		"MEDSTAF_CNT": "2",
		"TREAT_SBJECT_CONT": "치과",
		"TOT_AR": "157.56",
		"REFINE_ROADNM_ADDR": "경기도 하남시 대청로 15, 212호213호 (신장동, 오피스텔트레벨)",
		"REFINE_LOTNO_ADDR": "경기도 하남시 신장동 519번지 오피스텔트레벨 212, 213호",
		"REFINE_ZIPNO": "12950",
		"REFINE_WGS84_LAT": "37.5405814486",
		"REFINE_WGS84_LOGT": "127.2139196743"
	},
	{
		"SIGUN_NM": "하남시",
		"BIZPLC_NM": "뉴&베스트치과의원",
		"LICENSG_DE": "20090311",
		"BSN_STATE_NM": "영업/정상",
		"CLSBIZ_DE": "",
		"MEDINST_SPCS_NM": "",
		"MEDSTAF_CNT": "1",
		"TREAT_SBJECT_CONT": "치과",
		"TOT_AR": "99.41",
		"REFINE_ROADNM_ADDR": "경기도 하남시 더우개로 29, 3층 (신장동)",
		"REFINE_LOTNO_ADDR": "경기도 하남시 신장동 105번지 4호",
		"REFINE_ZIPNO": "12945",
		"REFINE_WGS84_LAT": "37.5410578235",
		"REFINE_WGS84_LOGT": "127.2208907602"
	},
	{
		"SIGUN_NM": "하남시",
		"BIZPLC_NM": "박성동치과의원",
		"LICENSG_DE": "19970506",
		"BSN_STATE_NM": "영업/정상",
		"CLSBIZ_DE": "",
		"MEDINST_SPCS_NM": "",
		"MEDSTAF_CNT": "1",
		"TREAT_SBJECT_CONT": "치과",
		"TOT_AR": "67.34",
		"REFINE_ROADNM_ADDR": "경기도 하남시 신장로 150, 3층 (덕풍동)",
		"REFINE_LOTNO_ADDR": "경기도 하남시 덕풍동 415번지 84호 3층",
		"REFINE_ZIPNO": "12969",
		"REFINE_WGS84_LAT": "37.5393359501",
		"REFINE_WGS84_LOGT": "127.2023220582"
	},
	{
		"SIGUN_NM": "하남시",
		"BIZPLC_NM": "샘치과의원",
		"LICENSG_DE": "19990909",
		"BSN_STATE_NM": "영업/정상",
		"CLSBIZ_DE": "",
		"MEDINST_SPCS_NM": "",
		"MEDSTAF_CNT": "3",
		"TREAT_SBJECT_CONT": "치과",
		"TOT_AR": "299.18",
		"REFINE_ROADNM_ADDR": "경기도 하남시 대청로 29, 2층 (신장동)",
		"REFINE_LOTNO_ADDR": "경기도 하남시 신장동 523번지 4호",
		"REFINE_ZIPNO": "12947",
		"REFINE_WGS84_LAT": "37.5410541424",
		"REFINE_WGS84_LOGT": "127.2155705373"
	},
	{
		"SIGUN_NM": "하남시",
		"BIZPLC_NM": "하남세브란스치과의원",
		"LICENSG_DE": "20000719",
		"BSN_STATE_NM": "영업/정상",
		"CLSBIZ_DE": "",
		"MEDINST_SPCS_NM": "",
		"MEDSTAF_CNT": "3",
		"TREAT_SBJECT_CONT": "치과",
		"TOT_AR": "170.3",
		"REFINE_ROADNM_ADDR": "경기도 하남시 신장로 126, 4층 (신장동, 하남빌딩)",
		"REFINE_LOTNO_ADDR": "경기도 하남시 신장동 427번지 67호",
		"REFINE_ZIPNO": "12968",
		"REFINE_WGS84_LAT": "37.5383224029",
		"REFINE_WGS84_LOGT": "127.2043069537"
	},
	{
		"SIGUN_NM": "하남시",
		"BIZPLC_NM": "서울준치과의원",
		"LICENSG_DE": "20000411",
		"BSN_STATE_NM": "취소/말소/만료/정지/중지",
		"CLSBIZ_DE": "20081216",
		"MEDINST_SPCS_NM": "",
		"MEDSTAF_CNT": "1",
		"TREAT_SBJECT_CONT": "치과",
		"TOT_AR": "102.58",
		"REFINE_ROADNM_ADDR": "경기도 하남시 신장로 151 (덕풍동)",
		"REFINE_LOTNO_ADDR": "경기도 하남시 덕풍동 372번지 2호",
		"REFINE_ZIPNO": "12976",
		"REFINE_WGS84_LAT": "37.5394964789",
		"REFINE_WGS84_LOGT": "127.2016422553"
	},
	{
		"SIGUN_NM": "하남시",
		"BIZPLC_NM": "코아부부치과의원",
		"LICENSG_DE": "19990201",
		"BSN_STATE_NM": "취소/말소/만료/정지/중지",
		"CLSBIZ_DE": "20081216",
		"MEDINST_SPCS_NM": "",
		"MEDSTAF_CNT": "2",
		"TREAT_SBJECT_CONT": "치과",
		"TOT_AR": "70.29",
		"REFINE_ROADNM_ADDR": "경기도 하남시 대청로 33 (신장동,현대베스코아 7층 705호, 706호)",
		"REFINE_LOTNO_ADDR": "경기도 하남시 신장동 523번지 1호 현대베스코아 7층 705호, 706호",
		"REFINE_ZIPNO": "12947",
		"REFINE_WGS84_LAT": "37.5411002724",
		"REFINE_WGS84_LOGT": "127.2160118288"
	},
	{
		"SIGUN_NM": "하남시",
		"BIZPLC_NM": "유디치과의원",
		"LICENSG_DE": "20120816",
		"BSN_STATE_NM": "폐업",
		"CLSBIZ_DE": "20210331",
		"MEDINST_SPCS_NM": "",
		"MEDSTAF_CNT": "1",
		"TREAT_SBJECT_CONT": "구강악안면외과, 치과교정과, 치주과, 치과보존과, 치과보철과",
		"TOT_AR": "296.03",
		"REFINE_ROADNM_ADDR": "경기도 하남시 대청로 32, 3층 (신장동)",
		"REFINE_LOTNO_ADDR": "경기도 하남시 신장동 524번지 3호 3층",
		"REFINE_ZIPNO": "12951",
		"REFINE_WGS84_LAT": "37.5405047282",
		"REFINE_WGS84_LOGT": "127.2157424179"
	},
	{
		"SIGUN_NM": "하남시",
		"BIZPLC_NM": "아이세상치과의원",
		"LICENSG_DE": "20090421",
		"BSN_STATE_NM": "폐업",
		"CLSBIZ_DE": "20170308",
		"MEDINST_SPCS_NM": "",
		"MEDSTAF_CNT": "2",
		"TREAT_SBJECT_CONT": "치과",
		"TOT_AR": "149.38",
		"REFINE_ROADNM_ADDR": "경기도 하남시 덕풍동로 111-15, 307호308호 (덕풍동, 다우리치플러스)",
		"REFINE_LOTNO_ADDR": "경기도 하남시 덕풍동 744번지 1호 다우리치플러스 307,308호",
		"REFINE_ZIPNO": "12927",
		"REFINE_WGS84_LAT": "37.5514371858",
		"REFINE_WGS84_LOGT": "127.2079458664"
	},
	{
		"SIGUN_NM": "하남시",
		"BIZPLC_NM": "한지훈치과의원",
		"LICENSG_DE": "20090402",
		"BSN_STATE_NM": "폐업",
		"CLSBIZ_DE": "20120131",
		"MEDINST_SPCS_NM": "",
		"MEDSTAF_CNT": "1",
		"TREAT_SBJECT_CONT": "치과",
		"TOT_AR": "88.69",
		"REFINE_ROADNM_ADDR": "경기도 하남시 신장로 132 (덕풍동,2층)",
		"REFINE_LOTNO_ADDR": "경기도 하남시 덕풍2동 419번지 23호 2층",
		"REFINE_ZIPNO": "12968",
		"REFINE_WGS84_LAT": "37.5384561015",
		"REFINE_WGS84_LOGT": "127.2037065051"
	},
	{
		"SIGUN_NM": "하남시",
		"BIZPLC_NM": "미소엔치과의원",
		"LICENSG_DE": "20131031",
		"BSN_STATE_NM": "폐업",
		"CLSBIZ_DE": "20171208",
		"MEDINST_SPCS_NM": "",
		"MEDSTAF_CNT": "2",
		"TREAT_SBJECT_CONT": "치과보철과, 소아치과, 치주과, 치과보존과, 치과, 치과보철과, 구강내과",
		"TOT_AR": "126.48",
		"REFINE_ROADNM_ADDR": "경기도 하남시 하남대로 815, 203호 (신장동, 명지캐럿)",
		"REFINE_LOTNO_ADDR": "경기도 하남시 신장동 415번지 10호",
		"REFINE_ZIPNO": "12957",
		"REFINE_WGS84_LAT": "37.5411954349",
		"REFINE_WGS84_LOGT": "127.2070010090"
	},
	{
		"SIGUN_NM": "하남시",
		"BIZPLC_NM": "사랑의치과의원",
		"LICENSG_DE": "20050304",
		"BSN_STATE_NM": "폐업",
		"CLSBIZ_DE": "20190712",
		"MEDINST_SPCS_NM": "",
		"MEDSTAF_CNT": "1",
		"TREAT_SBJECT_CONT": "치과",
		"TOT_AR": "107.15",
		"REFINE_ROADNM_ADDR": "경기도 하남시 하남대로 788, 4층 (신장동)",
		"REFINE_LOTNO_ADDR": "경기도 하남시 신장동 565번지 3호",
		"REFINE_ZIPNO": "12949",
		"REFINE_WGS84_LAT": "37.5404726637",
		"REFINE_WGS84_LOGT": "127.2099695625"
	},
	{
		"SIGUN_NM": "하남시",
		"BIZPLC_NM": "채기훈치과의원",
		"LICENSG_DE": "20060601",
		"BSN_STATE_NM": "폐업",
		"CLSBIZ_DE": "20120921",
		"MEDINST_SPCS_NM": "",
		"MEDSTAF_CNT": "1",
		"TREAT_SBJECT_CONT": "치과",
		"TOT_AR": "83.19",
		"REFINE_ROADNM_ADDR": "경기도 하남시 신장로 198 (덕풍동)",
		"REFINE_LOTNO_ADDR": "경기도 하남시 덕풍동 340번지 23호",
		"REFINE_ZIPNO": "12971",
		"REFINE_WGS84_LAT": "37.5428167113",
		"REFINE_WGS84_LOGT": "127.1993650416"
	},
	{
		"SIGUN_NM": "하남시",
		"BIZPLC_NM": "유아이씨아름다운치과의원",
		"LICENSG_DE": "20110418",
		"BSN_STATE_NM": "폐업",
		"CLSBIZ_DE": "20160104",
		"MEDINST_SPCS_NM": "",
		"MEDSTAF_CNT": "1",
		"TREAT_SBJECT_CONT": "치과",
		"TOT_AR": "156.8",
		"REFINE_ROADNM_ADDR": "경기도 하남시 조정대로 150, R204호,R206호 (덕풍동, 아이테코)",
		"REFINE_LOTNO_ADDR": "경기도 하남시 덕풍동 762번지 아이테코 R204 , R206호",
		"REFINE_ZIPNO": "12930",
		"REFINE_WGS84_LAT": "37.5535037868",
		"REFINE_WGS84_LOGT": "127.1946802895"
	},
	{
		"SIGUN_NM": "하남시",
		"BIZPLC_NM": "유디치과의원",
		"LICENSG_DE": "20110829",
		"BSN_STATE_NM": "폐업",
		"CLSBIZ_DE": "20120815",
		"MEDINST_SPCS_NM": "",
		"MEDSTAF_CNT": "1",
		"TREAT_SBJECT_CONT": "구강악안면외과, 치과보철과, 치과교정과, 치주과, 치과보존과",
		"TOT_AR": "296.03",
		"REFINE_ROADNM_ADDR": "경기도 하남시 대청로 32 (신장동,3층)",
		"REFINE_LOTNO_ADDR": "경기도 하남시 신장2동 524번지 3호 3층",
		"REFINE_ZIPNO": "12951",
		"REFINE_WGS84_LAT": "37.5405047282",
		"REFINE_WGS84_LOGT": "127.2157424179"
	},
	{
		"SIGUN_NM": "하남시",
		"BIZPLC_NM": "유디치과의원",
		"LICENSG_DE": "20101111",
		"BSN_STATE_NM": "폐업",
		"CLSBIZ_DE": "20110819",
		"MEDINST_SPCS_NM": "",
		"MEDSTAF_CNT": "1",
		"TREAT_SBJECT_CONT": "치과",
		"TOT_AR": "237.47",
		"REFINE_ROADNM_ADDR": "경기도 하남시 대청로 32 (신장동,서원빌딩3층)",
		"REFINE_LOTNO_ADDR": "경기도 하남시 신장2동 524번지 3호 서원빌딩3층",
		"REFINE_ZIPNO": "12951",
		"REFINE_WGS84_LAT": "37.5405047282",
		"REFINE_WGS84_LOGT": "127.2157424179"
	},
	{
		"SIGUN_NM": "하남시",
		"BIZPLC_NM": "라임치과의원",
		"LICENSG_DE": "20080311",
		"BSN_STATE_NM": "폐업",
		"CLSBIZ_DE": "20140430",
		"MEDINST_SPCS_NM": "",
		"MEDSTAF_CNT": "1",
		"TREAT_SBJECT_CONT": "치과",
		"TOT_AR": "150.41",
		"REFINE_ROADNM_ADDR": "경기도 하남시 신장로 141 (덕풍동)",
		"REFINE_LOTNO_ADDR": "경기도 하남시 덕풍동 426번지 7호",
		"REFINE_ZIPNO": "12977",
		"REFINE_WGS84_LAT": "37.5386245978",
		"REFINE_WGS84_LOGT": "127.2026078682"
	},
	{
		"SIGUN_NM": "하남시",
		"BIZPLC_NM": "하남웰치과의원",
		"LICENSG_DE": "20081001",
		"BSN_STATE_NM": "폐업",
		"CLSBIZ_DE": "20220928",
		"MEDINST_SPCS_NM": "",
		"MEDSTAF_CNT": "1",
		"TREAT_SBJECT_CONT": "치과",
		"TOT_AR": "115.93",
		"REFINE_ROADNM_ADDR": "경기도 하남시 덕풍동로 111-15, 309호 (덕풍동, 리치플러스)",
		"REFINE_LOTNO_ADDR": "경기도 하남시 덕풍동 744번지 1호 리치플러스 309호",
		"REFINE_ZIPNO": "12927",
		"REFINE_WGS84_LAT": "37.5514371858",
		"REFINE_WGS84_LOGT": "127.2079458664"
	},
	{
		"SIGUN_NM": "하남시",
		"BIZPLC_NM": "하남룡플란트치과의원",
		"LICENSG_DE": "20110810",
		"BSN_STATE_NM": "폐업",
		"CLSBIZ_DE": "20120628",
		"MEDINST_SPCS_NM": "",
		"MEDSTAF_CNT": "1",
		"TREAT_SBJECT_CONT": "구강악안면외과, 치과보철과, 소아치과, 치주과, 치과보존과, 구강내과, 구강악안면방사선과, 구강병리과, 예방치과, 치과",
		"TOT_AR": "142.74",
		"REFINE_ROADNM_ADDR": "경기도 하남시 하남대로 798 (신장동,이현빌딩 2층)",
		"REFINE_LOTNO_ADDR": "경기도 하남시 신장2동 565번지 11호 이현빌딩 2층",
		"REFINE_ZIPNO": "12949",
		"REFINE_WGS84_LAT": "37.5409211941",
		"REFINE_WGS84_LOGT": "127.2090962136"
	},
	{
		"SIGUN_NM": "하남시",
		"BIZPLC_NM": "J플란트치과의원",
		"LICENSG_DE": "20110502",
		"BSN_STATE_NM": "폐업",
		"CLSBIZ_DE": "20160310",
		"MEDINST_SPCS_NM": "",
		"MEDSTAF_CNT": "1",
		"TREAT_SBJECT_CONT": "치과",
		"TOT_AR": "47.56",
		"REFINE_ROADNM_ADDR": "경기도 하남시 신평로 65, 1층 (신장동)",
		"REFINE_LOTNO_ADDR": "경기도 하남시 신장동 427번지 279호",
		"REFINE_ZIPNO": "12968",
		"REFINE_WGS84_LAT": "37.5395150685",
		"REFINE_WGS84_LOGT": "127.2054568243"
	},
	{
		"SIGUN_NM": "하남시",
		"BIZPLC_NM": "덴타피아치과의원",
		"LICENSG_DE": "20090924",
		"BSN_STATE_NM": "폐업",
		"CLSBIZ_DE": "20111013",
		"MEDINST_SPCS_NM": "",
		"MEDSTAF_CNT": "1",
		"TREAT_SBJECT_CONT": "치과",
		"TOT_AR": "135.74",
		"REFINE_ROADNM_ADDR": "경기도 하남시 덕풍동로 111 (덕풍동,풍산캐슬빌딩 406호, 407호)",
		"REFINE_LOTNO_ADDR": "경기도 하남시 덕풍3동 744번지 2호 풍산캐슬빌딩 406호, 407호",
		"REFINE_ZIPNO": "12927",
		"REFINE_WGS84_LAT": "37.5511950252",
		"REFINE_WGS84_LOGT": "127.2084336222"
	},
	{
		"SIGUN_NM": "하남시",
		"BIZPLC_NM": "장치과의원",
		"LICENSG_DE": "19960312",
		"BSN_STATE_NM": "폐업",
		"CLSBIZ_DE": "20110602",
		"MEDINST_SPCS_NM": "",
		"MEDSTAF_CNT": "1",
		"TREAT_SBJECT_CONT": "치과",
		"TOT_AR": "57.29",
		"REFINE_ROADNM_ADDR": "경기도 하남시 신장로 152 (덕풍동,성하빌딩 4층)",
		"REFINE_LOTNO_ADDR": "경기도 하남시 덕풍3동 415번지 72호 성하빌딩 4층",
		"REFINE_ZIPNO": "12969",
		"REFINE_WGS84_LAT": "37.5395249193",
		"REFINE_WGS84_LOGT": "127.2021967934"
	},
	{
		"SIGUN_NM": "하남시",
		"BIZPLC_NM": "김태일치과의원",
		"LICENSG_DE": "20050805",
		"BSN_STATE_NM": "폐업",
		"CLSBIZ_DE": "20200101",
		"MEDINST_SPCS_NM": "",
		"MEDSTAF_CNT": "1",
		"TREAT_SBJECT_CONT": "치과",
		"TOT_AR": "88.92",
		"REFINE_ROADNM_ADDR": "경기도 하남시 하남대로 843, 205호 (덕풍동, 신정프라자)",
		"REFINE_LOTNO_ADDR": "경기도 하남시 덕풍동 321번지 2호 신정프라자 205호",
		"REFINE_ZIPNO": "12967",
		"REFINE_WGS84_LAT": "37.5426758875",
		"REFINE_WGS84_LOGT": "127.2042784408"
	},
	{
		"SIGUN_NM": "하남시",
		"BIZPLC_NM": "미소치과의원",
		"LICENSG_DE": "20110812",
		"BSN_STATE_NM": "폐업",
		"CLSBIZ_DE": "20131031",
		"MEDINST_SPCS_NM": "",
		"MEDSTAF_CNT": "1",
		"TREAT_SBJECT_CONT": "구강악안면외과, 치과보철과, 치과교정과, 소아치과, 치주과, 치과보존과, 구강내과, 구강악안면방사선과, 구강병리과, 예방치과, 치과",
		"TOT_AR": "126.48",
		"REFINE_ROADNM_ADDR": "경기도 하남시 하남대로 815 (신장동,명지캐럿 203호)",
		"REFINE_LOTNO_ADDR": "경기도 하남시 신장1동 415번지 10호 명지캐럿 203호",
		"REFINE_ZIPNO": "12957",
		"REFINE_WGS84_LAT": "37.5411954349",
		"REFINE_WGS84_LOGT": "127.2070010090"
	}
]
}