{
	"DESCRIPTION": {
		"ASGNCANCELYMD": "지정취소일자",
		"TOTAR": "총면적",
		"MEDEXTRITEMSCNNM": "진료과목내용명",
		"SITEPOSTNO": "소재지우편번호",
		"EMERCARSPEC": "구급차특수",
		"TOTEPNUM": "총인원",
		"UPTAENM": "업태구분명",
		"RESCNT": "구조사수",
		"LASTMODTS": "최종수정일자",
		"SICBNUM": "병상수",
		"CLGENDDT": "휴업종료일자",
		"FRSTASGNYMD": "최초지정일자",
		"UPDATEGBN": "데이터갱신구분",
		"PMTBEDNUM": "허가병상수",
		"RDNWHLADDR": "도로명주소",
		"DCBYMD": "폐업일자",
		"SITEWHLADDR": "지번주소",
		"Y": "좌표정보(Y)",
		"DTLSTATEGBN": "상세영업상태코드",
		"TRDSTATEGBN": "영업상태코드",
		"X": "좌표정보(X)",
		"OPNSFTEAMCODE": "개방자치단체코드",
		"APVPERMYMD": "인허가일자",
		"METRORGASSRNM": "의료기관종별명",
		"MEDEXTRITEMSCN": "진료과목내용",
		"MITMDCDEPNM": "완화의료담당부서명",
		"UPDATEDT": "데이터갱신일자",
		"BPLCNM": "사업장명",
		"MITMDCASGNTYPE": "완화의료지정형태",
		"CLGSTDT": "휴업시작일자",
		"RDNPOSTNO": "도로명우편번호",
		"METRPNUM": "의료인수",
		"ROPNYMD": "재개업일자",
		"MGTNO": "관리번호",
		"TRDSTATENM": "영업상태명",
		"SITEAREA": "소재지면적",
		"SITETEL": "전화번호",
		"APVCANCELYMD": "인허가취소일자",
		"HSTRMNUM": "입원실수",
		"DTLSTATENM": "상세영업상태명",
		"EMERCARGEN": "구급차일반"
	},
	"DATA": [
		{
			"lastmodts": "2023-04-20 22:13:23",
			"rescnt": null,
			"dtlstatenm": "영업중",
			"asgncancelymd": null,
			"totepnum": null,
			"bplcnm": "위례선가정의학과의원",
			"totar": null,
			"medextritemscnnm": null,
			"mitmdcasgntype": null,
			"pmtbednum": null,
			"metrorgassrnm": null,
			"clgenddt": "",
			"sitearea": "",
			"dcbymd": "",
			"hstrmnum": null,
			"metrpnum": null,
			"clgstdt": "",
			"trdstategbn": "01",
			"trdstatenm": "영업/정상",
			"apvcancelymd": "",
			"sitepostno": "",
			"opnsfteamcode": "3230000",
			"sitetel": "02-431-8250",
			"sitewhladdr": "서울특별시 송파구 장지동 880번지 1호 성희프라자",
			"dtlstategbn": "13",
			"rdnpostno": "05849",
			"medextritemscn": null,
			"emercargen": null,
			"frstasgnymd": null,
			"updategbn": "U",
			"updatedt": 1670072580000,
			"apvpermymd": "2019-03-20",
			"uptaenm": "의원",
			"emercarspec": null,
			"rdnwhladdr": "서울특별시 송파구 위례광장로 199, 성희프라자 4층 404~405호 (장지동)",
			"mitmdcdepnm": null,
			"y": "442180.770198789",
			"ropnymd": "",
			"mgtno": "PHMA120193230034041100015",
			"sicbnum": null,
			"x": "212539.95883993"
		},
		{
			"lastmodts": "2023-08-03 20:43:24",
			"rescnt": null,
			"dtlstatenm": "영업중",
			"asgncancelymd": null,
			"totepnum": null,
			"bplcnm": "위례해오름한의원",
			"totar": null,
			"medextritemscnnm": null,
			"mitmdcasgntype": null,
			"pmtbednum": null,
			"metrorgassrnm": null,
			"clgenddt": "",
			"sitearea": "",
			"dcbymd": "",
			"hstrmnum": null,
			"metrpnum": null,
			"clgstdt": "",
			"trdstategbn": "01",
			"trdstatenm": "영업/정상",
			"apvcancelymd": "",
			"sitepostno": "",
			"opnsfteamcode": "3230000",
			"sitetel": "02-400-3977",
			"sitewhladdr": "서울특별시 송파구 장지동 881번지 505,506,507호",
			"dtlstategbn": "13",
			"rdnpostno": "05849",
			"medextritemscn": null,
			"emercargen": null,
			"frstasgnymd": null,
			"updategbn": "U",
			"updatedt": 1670425500000,
			"apvpermymd": "2017-09-07",
			"uptaenm": "한의원",
			"emercarspec": null,
			"rdnwhladdr": "서울특별시 송파구 위례광장로 188, 505,506,507호 (장지동, 아이온스퀘어)",
			"mitmdcdepnm": null,
			"y": "442109.564102077",
			"ropnymd": "",
			"mgtno": "PHMA120173230034041100071",
			"sicbnum": null,
			"x": "212524.306739955"
		},
		{
			"lastmodts": "2023-08-25 03:13:24",
			"rescnt": null,
			"dtlstatenm": "영업중",
			"asgncancelymd": null,
			"totepnum": null,
			"bplcnm": "굿본재활의학과의원",
			"totar": null,
			"medextritemscnnm": null,
			"mitmdcasgntype": null,
			"pmtbednum": null,
			"metrorgassrnm": null,
			"clgenddt": "",
			"sitearea": "",
			"dcbymd": "",
			"hstrmnum": null,
			"metrpnum": null,
			"clgstdt": "",
			"trdstategbn": "01",
			"trdstatenm": "영업/정상",
			"apvcancelymd": "",
			"sitepostno": "",
			"opnsfteamcode": "3230000",
			"sitetel": "02-403-9300",
			"sitewhladdr": "",
			"dtlstategbn": "13",
			"rdnpostno": "05849",
			"medextritemscn": null,
			"emercargen": null,
			"frstasgnymd": null,
			"updategbn": "U",
			"updatedt": 1670418420000,
			"apvpermymd": "2022-03-18",
			"uptaenm": "의원",
			"emercarspec": null,
			"rdnwhladdr": "서울특별시 송파구 위례광장로 230, 제상가3 제C동 2층 203,205,206호 (장지동, 위례2차아이파크)",
			"mitmdcdepnm": null,
			"y": "441934.252100339",
			"ropnymd": "",
			"mgtno": "PHMA120223230034041100019",
			"sicbnum": null,
			"x": "212641.295329373"
		},
		{
			"lastmodts": "2023-12-04 11:30:44",
			"rescnt": null,
			"dtlstatenm": "영업중",
			"asgncancelymd": null,
			"totepnum": null,
			"bplcnm": "이아소치과의원",
			"totar": null,
			"medextritemscnnm": null,
			"mitmdcasgntype": null,
			"pmtbednum": null,
			"metrorgassrnm": null,
			"clgenddt": "",
			"sitearea": "",
			"dcbymd": "",
			"hstrmnum": null,
			"metrpnum": null,
			"clgstdt": "",
			"trdstategbn": "01",
			"trdstatenm": "영업/정상",
			"apvcancelymd": "",
			"sitepostno": "",
			"opnsfteamcode": "3230000",
			"sitetel": "02-401-2870",
			"sitewhladdr": "서울특별시 송파구 거여동 604-4",
			"dtlstategbn": "13",
			"rdnpostno": "05790",
			"medextritemscn": null,
			"emercargen": null,
			"frstasgnymd": null,
			"updategbn": "I",
			"updatedt": 1667315160000,
			"apvpermymd": "2023-12-04",
			"uptaenm": "치과의원",
			"emercarspec": null,
			"rdnwhladdr": "서울특별시 송파구 위례서로 234, 2층 213~216호 (거여동)",
			"mitmdcdepnm": null,
			"y": "442601.455171588",
			"ropnymd": "",
			"mgtno": "PHMA120233230034041100042",
			"sicbnum": null,
			"x": "212471.936408499"
		},
		{
			"lastmodts": "2022-10-28 04:13:21",
			"rescnt": null,
			"dtlstatenm": "영업중",
			"asgncancelymd": null,
			"totepnum": null,
			"bplcnm": "위례양치과의원",
			"totar": null,
			"medextritemscnnm": null,
			"mitmdcasgntype": null,
			"pmtbednum": null,
			"metrorgassrnm": null,
			"clgenddt": "",
			"sitearea": "",
			"dcbymd": "",
			"hstrmnum": null,
			"metrpnum": null,
			"clgstdt": "",
			"trdstategbn": "01",
			"trdstatenm": "영업/정상",
			"apvcancelymd": "",
			"sitepostno": "",
			"opnsfteamcode": "3230000",
			"sitetel": "02-6010-1675",
			"sitewhladdr": "",
			"dtlstategbn": "13",
			"rdnpostno": "05790",
			"medextritemscn": null,
			"emercargen": null,
			"frstasgnymd": null,
			"updategbn": "U",
			"updatedt": 1635595200000,
			"apvpermymd": "20220928",
			"uptaenm": "치과의원",
			"emercarspec": null,
			"rdnwhladdr": "서울특별시 송파구 위례송파로 77, 603 604호 (거여동)",
			"mitmdcdepnm": null,
			"y": "",
			"ropnymd": "",
			"mgtno": "PHMA120223230034041100060",
			"sicbnum": null,
			"x": ""
		},
		{
			"lastmodts": "2023-10-27 03:13:30",
			"rescnt": null,
			"dtlstatenm": "영업중",
			"asgncancelymd": null,
			"totepnum": null,
			"bplcnm": "남다른한의원",
			"totar": null,
			"medextritemscnnm": null,
			"mitmdcasgntype": null,
			"pmtbednum": null,
			"metrorgassrnm": null,
			"clgenddt": "",
			"sitearea": "",
			"dcbymd": "",
			"hstrmnum": null,
			"metrpnum": null,
			"clgstdt": "",
			"trdstategbn": "01",
			"trdstatenm": "영업/정상",
			"apvcancelymd": "",
			"sitepostno": "",
			"opnsfteamcode": "3230000",
			"sitetel": "02-3402-0718",
			"sitewhladdr": "",
			"dtlstategbn": "13",
			"rdnpostno": "05852",
			"medextritemscn": null,
			"emercargen": null,
			"frstasgnymd": null,
			"updategbn": "U",
			"updatedt": 1667135340000,
			"apvpermymd": "2022-08-04",
			"uptaenm": "한의원",
			"emercarspec": null,
			"rdnwhladdr": "서울특별시 송파구 위례광장로 270, 2층 Y218호 (장지동, 송파와이즈더샵)",
			"mitmdcdepnm": null,
			"y": "441586.029967716",
			"ropnymd": "",
			"mgtno": "PHMA120223230034041100047",
			"sicbnum": null,
			"x": "212609.377447603"
		},
		{
			"lastmodts": "2022-11-10 20:43:24",
			"rescnt": null,
			"dtlstatenm": "영업중",
			"asgncancelymd": null,
			"totepnum": null,
			"bplcnm": "김진섭정형외과의원",
			"totar": null,
			"medextritemscnnm": null,
			"mitmdcasgntype": null,
			"pmtbednum": null,
			"metrorgassrnm": null,
			"clgenddt": "",
			"sitearea": "",
			"dcbymd": "",
			"hstrmnum": null,
			"metrpnum": null,
			"clgstdt": "",
			"trdstategbn": "01",
			"trdstatenm": "영업/정상",
			"apvcancelymd": "",
			"sitepostno": "",
			"opnsfteamcode": "3230000",
			"sitetel": "02-414-0070",
			"sitewhladdr": "서울특별시 송파구 방이동 184",
			"dtlstategbn": "13",
			"rdnpostno": "05638",
			"medextritemscn": null,
			"emercargen": null,
			"frstasgnymd": null,
			"updategbn": "U",
			"updatedt": 1635688920000,
			"apvpermymd": "20221026",
			"uptaenm": "의원",
			"emercarspec": null,
			"rdnwhladdr": "서울특별시 송파구 위례성대로 136, 지하1층,지상2층 (방이동)",
			"mitmdcdepnm": null,
			"y": "445531.300705318",
			"ropnymd": "",
			"mgtno": "PHMA120223230034041100068",
			"sicbnum": null,
			"x": "211113.716851568"
		},
		{
			"lastmodts": "2023-09-15 17:28:59",
			"rescnt": null,
			"dtlstatenm": "영업중",
			"asgncancelymd": null,
			"totepnum": null,
			"bplcnm": "경희두드림한의원",
			"totar": null,
			"medextritemscnnm": null,
			"mitmdcasgntype": null,
			"pmtbednum": null,
			"metrorgassrnm": null,
			"clgenddt": "",
			"sitearea": "",
			"dcbymd": "",
			"hstrmnum": null,
			"metrpnum": null,
			"clgstdt": "",
			"trdstategbn": "01",
			"trdstatenm": "영업/정상",
			"apvcancelymd": "",
			"sitepostno": "",
			"opnsfteamcode": "3230000",
			"sitetel": "02-415-7571",
			"sitewhladdr": "",
			"dtlstategbn": "13",
			"rdnpostno": "05639",
			"medextritemscn": null,
			"emercargen": null,
			"frstasgnymd": null,
			"updategbn": "U",
			"updatedt": 1670508420000,
			"apvpermymd": "2012-08-27",
			"uptaenm": "한의원",
			"emercarspec": null,
			"rdnwhladdr": "서울특별시 송파구 위례성대로18길 31-20, 5층 501호 (방이동)",
			"mitmdcdepnm": null,
			"y": "445216.912830336",
			"ropnymd": "",
			"mgtno": "PHMA120123230034041100044",
			"sicbnum": null,
			"x": "211050.348471002"
		},
		{
			"lastmodts": "2023-09-08 06:13:24",
			"rescnt": null,
			"dtlstatenm": "영업중",
			"asgncancelymd": null,
			"totepnum": null,
			"bplcnm": "이루이비인후과의원",
			"totar": null,
			"medextritemscnnm": null,
			"mitmdcasgntype": null,
			"pmtbednum": null,
			"metrorgassrnm": null,
			"clgenddt": "",
			"sitearea": "",
			"dcbymd": "",
			"hstrmnum": null,
			"metrpnum": null,
			"clgstdt": "",
			"trdstategbn": "01",
			"trdstatenm": "영업/정상",
			"apvcancelymd": "",
			"sitepostno": "",
			"opnsfteamcode": "3230000",
			"sitetel": "02-406-2500",
			"sitewhladdr": "서울특별시 송파구 장지동 884 위례2차아이파크",
			"dtlstategbn": "13",
			"rdnpostno": "05849",
			"medextritemscn": null,
			"emercargen": null,
			"frstasgnymd": null,
			"updategbn": "U",
			"updatedt": 1670508000000,
			"apvpermymd": "2016-08-16",
			"uptaenm": "의원",
			"emercarspec": null,
			"rdnwhladdr": "서울특별시 송파구 위례광장로 230, C동 201,202호 (장지동, 위례2차아이파크)",
			"mitmdcdepnm": null,
			"y": "441934.252100339",
			"ropnymd": "",
			"mgtno": "PHMA120163230034041100039",
			"sicbnum": null,
			"x": "212641.295329373"
		},
		{
			"lastmodts": "2018-05-28 14:54:57",
			"rescnt": "",
			"dtlstatenm": "폐업",
			"asgncancelymd": "",
			"totepnum": "",
			"bplcnm": "위례이사랑치과의원",
			"totar": "92",
			"medextritemscnnm": "구강악안면외과, 치과보철과, 치과교정과, 소아치과, 치주과, 치과보존과, 구강내과, 영상치의학과, 구강병리과, 예방치과",
			"mitmdcasgntype": "",
			"pmtbednum": "0",
			"metrorgassrnm": "치과의원",
			"clgenddt": "",
			"sitearea": "",
			"dcbymd": "20180528",
			"hstrmnum": "0",
			"metrpnum": "1",
			"clgstdt": "",
			"trdstategbn": "03",
			"trdstatenm": "폐업",
			"apvcancelymd": "",
			"sitepostno": "",
			"opnsfteamcode": "3230000",
			"sitetel": "02-403-2275",
			"sitewhladdr": "서울특별시 송파구 장지동 881번지 5호 에스비트램스퀘어 504호",
			"dtlstategbn": "03",
			"rdnpostno": "05849",
			"medextritemscn": "411 410 409 408 407 406 405 404 403 402",
			"emercargen": "0",
			"frstasgnymd": "",
			"updategbn": "I",
			"updatedt": 1535727599000,
			"apvpermymd": "20180223",
			"uptaenm": "치과의원",
			"emercarspec": "0",
			"rdnwhladdr": "서울특별시 송파구 위례광장로 200, 에스비트램스퀘어 (장지동)",
			"mitmdcdepnm": "",
			"y": "442139",
			"ropnymd": "",
			"mgtno": "PHMA120183230034041100014",
			"sicbnum": "0",
			"x": "212573"
		},
		{
			"lastmodts": "2014-09-24 14:19:22",
			"rescnt": "",
			"dtlstatenm": "폐업",
			"asgncancelymd": "",
			"totepnum": "",
			"bplcnm": "삼성중앙의원",
			"totar": "499.22",
			"medextritemscnnm": "정형외과, 신경외과, 마취통증의학과, 가정의학과",
			"mitmdcasgntype": "",
			"pmtbednum": "0",
			"metrorgassrnm": "의원",
			"clgenddt": "",
			"sitearea": "",
			"dcbymd": "20140924",
			"hstrmnum": "11",
			"metrpnum": "2",
			"clgstdt": "",
			"trdstategbn": "03",
			"trdstatenm": "폐업",
			"apvcancelymd": "",
			"sitepostno": "138833",
			"opnsfteamcode": "3230000",
			"sitetel": "070-4333-1300",
			"sitewhladdr": "서울특별시 송파구 방이동 164번지 5호",
			"dtlstategbn": "03",
			"rdnpostno": "138833",
			"medextritemscn": "122 105 109 106",
			"emercargen": "0",
			"frstasgnymd": "",
			"updategbn": "I",
			"updatedt": 1535727599000,
			"apvpermymd": "20140714",
			"uptaenm": "의원",
			"emercarspec": "0",
			"rdnwhladdr": "서울특별시 송파구 위례성대로12길 18, 6층 5층502호 (방이동)",
			"mitmdcdepnm": "",
			"y": "445549.406434983",
			"ropnymd": "",
			"mgtno": "PHMA120143230034041100028",
			"sicbnum": "29",
			"x": "210702.27132729"
		},
		{
			"lastmodts": "2019-02-26 19:40:19",
			"rescnt": "",
			"dtlstatenm": "폐업",
			"asgncancelymd": "",
			"totepnum": "",
			"bplcnm": "베베온소아청소년과의원",
			"totar": "190.8",
			"medextritemscnnm": "내과, 정신건강의학과, 소아청소년과, 이비인후과, 피부과",
			"mitmdcasgntype": "",
			"pmtbednum": "0",
			"metrorgassrnm": "의원",
			"clgenddt": "",
			"sitearea": "",
			"dcbymd": "20190227",
			"hstrmnum": "0",
			"metrpnum": "2",
			"clgstdt": "",
			"trdstategbn": "03",
			"trdstatenm": "폐업",
			"apvcancelymd": "",
			"sitepostno": "",
			"opnsfteamcode": "3230000",
			"sitetel": "02-6925-0790",
			"sitewhladdr": "",
			"dtlstategbn": "03",
			"rdnpostno": "05849",
			"medextritemscn": "111 113 101 114 103",
			"emercargen": "0",
			"frstasgnymd": "",
			"updategbn": "U",
			"updatedt": 1551289200000,
			"apvpermymd": "20141224",
			"uptaenm": "의원",
			"emercarspec": "0",
			"rdnwhladdr": "서울특별시 송파구 위례광장로 199, 404,405호 (장지동, 성희프라자)",
			"mitmdcdepnm": "",
			"y": "442179",
			"ropnymd": "",
			"mgtno": "PHMA120143230034041100057",
			"sicbnum": "0",
			"x": "212564"
		},
		{
			"lastmodts": "2015-07-31 09:47:43",
			"rescnt": "",
			"dtlstatenm": "폐업",
			"asgncancelymd": "",
			"totepnum": "",
			"bplcnm": "삼성중앙의원",
			"totar": "499.22",
			"medextritemscnnm": "내과, 정형외과, 마취통증의학과, 가정의학과",
			"mitmdcasgntype": "",
			"pmtbednum": "0",
			"metrorgassrnm": "의원",
			"clgenddt": "",
			"sitearea": "",
			"dcbymd": "20150626",
			"hstrmnum": "12",
			"metrpnum": "1",
			"clgstdt": "",
			"trdstategbn": "03",
			"trdstatenm": "폐업",
			"apvcancelymd": "",
			"sitepostno": "138051",
			"opnsfteamcode": "3230000",
			"sitetel": "02-872-7582",
			"sitewhladdr": "서울특별시 송파구 방이동 164번지 5호",
			"dtlstategbn": "03",
			"rdnpostno": "138051",
			"medextritemscn": "101 122 109 105",
			"emercargen": "0",
			"frstasgnymd": "",
			"updategbn": "I",
			"updatedt": 1535727599000,
			"apvpermymd": "20150105",
			"uptaenm": "의원",
			"emercarspec": "0",
			"rdnwhladdr": "서울특별시 송파구 위례성대로12길 18, 5,6층 (방이동)",
			"mitmdcdepnm": "",
			"y": "445549.406434983",
			"ropnymd": "",
			"mgtno": "PHMA120153230034041100001",
			"sicbnum": "28",
			"x": "210702.27132729"
		},
		{
			"lastmodts": "2016-01-06 11:44:31",
			"rescnt": "",
			"dtlstatenm": "폐업",
			"asgncancelymd": "",
			"totepnum": "",
			"bplcnm": "삼일제이에스한의원",
			"totar": "499.22",
			"medextritemscnnm": "한방내과, 한방부인과, 한방소아과, 한방안·이비인후·피부과, 한방신경정신과, 한방재활의학과, 사상체질과, 침구과, 한방응급과",
			"mitmdcasgntype": "",
			"pmtbednum": "0",
			"metrorgassrnm": "한의원",
			"clgenddt": "",
			"sitearea": "",
			"dcbymd": "20160106",
			"hstrmnum": "12",
			"metrpnum": "1",
			"clgstdt": "",
			"trdstategbn": "03",
			"trdstatenm": "폐업",
			"apvcancelymd": "",
			"sitepostno": "",
			"opnsfteamcode": "3230000",
			"sitetel": "070-4333-1300",
			"sitewhladdr": "서울특별시 송파구 방이동 164번지 5호 5,6층",
			"dtlstategbn": "03",
			"rdnpostno": "05636",
			"medextritemscn": "301 304 307 302 305 308 303 306 309",
			"emercargen": "0",
			"frstasgnymd": "",
			"updategbn": "I",
			"updatedt": 1535727599000,
			"apvpermymd": "20150731",
			"uptaenm": "한의원",
			"emercarspec": "0",
			"rdnwhladdr": "서울특별시 송파구 위례성대로12길 18, 5,6층 (방이동, 에이치에스빌딩)",
			"mitmdcdepnm": "",
			"y": "445549.406434983",
			"ropnymd": "",
			"mgtno": "PHMA120153230034041100037",
			"sicbnum": "28",
			"x": "210702.27132729"
		},
		{
			"lastmodts": "2021-10-28 13:50:49",
			"rescnt": "",
			"dtlstatenm": "폐업",
			"asgncancelymd": "",
			"totepnum": "",
			"bplcnm": "상수한의원",
			"totar": "118.6",
			"medextritemscnnm": "한방내과, 한방부인과, 한방소아과, 한방안·이비인후·피부과, 한방신경정신과, 한방재활의학과, 사상체질과, 침구과",
			"mitmdcasgntype": "",
			"pmtbednum": "0",
			"metrorgassrnm": "한의원",
			"clgenddt": "",
			"sitearea": "",
			"dcbymd": "20211031",
			"hstrmnum": "0",
			"metrpnum": "2",
			"clgstdt": "",
			"trdstategbn": "03",
			"trdstatenm": "폐업",
			"apvcancelymd": "",
			"sitepostno": "",
			"opnsfteamcode": "3230000",
			"sitetel": "02-403-8253",
			"sitewhladdr": "서울특별시 송파구 오금동 3번지 1호 아이에프빌딩 1층 일부",
			"dtlstategbn": "03",
			"rdnpostno": "05653",
			"medextritemscn": "308 307 306 305 304 303 302 301",
			"emercargen": "0",
			"frstasgnymd": "",
			"updategbn": "U",
			"updatedt": 1635529200000,
			"apvpermymd": "20180427",
			"uptaenm": "한의원",
			"emercarspec": "0",
			"rdnwhladdr": "서울특별시 송파구 위례성대로 180, 아이에프빌딩 1층 (오금동)",
			"mitmdcdepnm": "",
			"y": "445334.09743918",
			"ropnymd": "",
			"mgtno": "PHMA120183230034041100027",
			"sicbnum": "0",
			"x": "211497.311628565"
		},
		{
			"lastmodts": "2016-12-26 10:53:18",
			"rescnt": "",
			"dtlstatenm": "폐업",
			"asgncancelymd": "",
			"totepnum": "",
			"bplcnm": "위례아산소아청소년과의원",
			"totar": "44.29",
			"medextritemscnnm": "내과, 소아청소년과, 이비인후과",
			"mitmdcasgntype": "",
			"pmtbednum": "0",
			"metrorgassrnm": "의원",
			"clgenddt": "",
			"sitearea": "",
			"dcbymd": "20161226",
			"hstrmnum": "0",
			"metrpnum": "1",
			"clgstdt": "",
			"trdstategbn": "03",
			"trdstatenm": "폐업",
			"apvcancelymd": "",
			"sitepostno": "138210",
			"opnsfteamcode": "3230000",
			"sitetel": "402-7982",
			"sitewhladdr": "서울특별시 송파구 장지동 879번지",
			"dtlstategbn": "03",
			"rdnpostno": "05848",
			"medextritemscn": "101 113 111",
			"emercargen": "0",
			"frstasgnymd": "",
			"updategbn": "I",
			"updatedt": 1535727599000,
			"apvpermymd": "20140110",
			"uptaenm": "의원",
			"emercarspec": "0",
			"rdnwhladdr": "서울특별시 송파구 위례광장로 163, 102호 (장지동, 위례신도시 보금자리주택 22단지 상가동)",
			"mitmdcdepnm": "",
			"y": "442259.37600100000",
			"ropnymd": "",
			"mgtno": "PHMA120143230034041100002",
			"sicbnum": "0",
			"x": "212499.46146700000"
		},
		{
			"lastmodts": "2010-12-27 15:17:45",
			"rescnt": "",
			"dtlstatenm": "폐업",
			"asgncancelymd": "",
			"totepnum": "",
			"bplcnm": "송파클라인치과의원",
			"totar": "172.74",
			"medextritemscnnm": "치과",
			"mitmdcasgntype": "",
			"pmtbednum": "0",
			"metrorgassrnm": "치과의원",
			"clgenddt": "",
			"sitearea": "",
			"dcbymd": "20101227",
			"hstrmnum": "0",
			"metrpnum": "3",
			"clgstdt": "",
			"trdstategbn": "03",
			"trdstatenm": "폐업",
			"apvcancelymd": "",
			"sitepostno": "138835",
			"opnsfteamcode": "3230000",
			"sitetel": "02-421-2860",
			"sitewhladdr": "서울특별시 송파구 방이1동 207번지 Mike-Tower 2층",
			"dtlstategbn": "03",
			"rdnpostno": "",
			"medextritemscn": "401",
			"emercargen": "0",
			"frstasgnymd": "",
			"updategbn": "I",
			"updatedt": 1535727599000,
			"apvpermymd": "20090501",
			"uptaenm": "치과의원",
			"emercarspec": "0",
			"rdnwhladdr": "서울특별시 송파구 위례성대로18길 31-20 (방이동,Mike-Tower 2층)",
			"mitmdcdepnm": "",
			"y": "445216.912830336",
			"ropnymd": "",
			"mgtno": "PHMA120093230034041100043",
			"sicbnum": "0",
			"x": "211050.348471002"
		},
		{
			"lastmodts": "2021-01-08 16:45:10",
			"rescnt": "",
			"dtlstatenm": "폐업",
			"asgncancelymd": "",
			"totepnum": "",
			"bplcnm": "임문우치과교정과치과의원",
			"totar": "173.9",
			"medextritemscnnm": "치과",
			"mitmdcasgntype": "",
			"pmtbednum": "0",
			"metrorgassrnm": "치과의원",
			"clgenddt": "",
			"sitearea": "",
			"dcbymd": "20210109",
			"hstrmnum": "0",
			"metrpnum": "1",
			"clgstdt": "",
			"trdstategbn": "03",
			"trdstatenm": "폐업",
			"apvcancelymd": "",
			"sitepostno": "138050",
			"opnsfteamcode": "3230000",
			"sitetel": "3431-3223",
			"sitewhladdr": "서울특별시 송파구 방이동 181번지 태평양파크빌라트 202호",
			"dtlstategbn": "03",
			"rdnpostno": "05637",
			"medextritemscn": "401",
			"emercargen": "0",
			"frstasgnymd": "",
			"updategbn": "U",
			"updatedt": 1610214000000,
			"apvpermymd": "19881229",
			"uptaenm": "치과의원",
			"emercarspec": "0",
			"rdnwhladdr": "서울특별시 송파구 위례성대로 102 (방이동, 태평양파크빌라트 202호)",
			"mitmdcdepnm": "",
			"y": "445682.143819834",
			"ropnymd": "",
			"mgtno": "PHMA119883230034041100205",
			"sicbnum": "0",
			"x": "210819.316675531"
		},
		{
			"lastmodts": "2018-05-31 14:06:29",
			"rescnt": "",
			"dtlstatenm": "폐업",
			"asgncancelymd": "",
			"totepnum": "",
			"bplcnm": "서울마디신경외과의원",
			"totar": "90",
			"medextritemscnnm": "정형외과, 신경외과, 마취통증의학과, 재활의학과",
			"mitmdcasgntype": "",
			"pmtbednum": "0",
			"metrorgassrnm": "의원",
			"clgenddt": "",
			"sitearea": "",
			"dcbymd": "20180618",
			"hstrmnum": "0",
			"metrpnum": "2",
			"clgstdt": "",
			"trdstategbn": "03",
			"trdstatenm": "폐업",
			"apvcancelymd": "",
			"sitepostno": "",
			"opnsfteamcode": "3230000",
			"sitetel": "02-449-5588",
			"sitewhladdr": "서울특별시 송파구 장지동 881번지 5호 SB트램스퀘어 302호",
			"dtlstategbn": "03",
			"rdnpostno": "05849",
			"medextritemscn": "120 109 106 105",
			"emercargen": "0",
			"frstasgnymd": "",
			"updategbn": "I",
			"updatedt": 1535727599000,
			"apvpermymd": "20161007",
			"uptaenm": "의원",
			"emercarspec": "0",
			"rdnwhladdr": "서울특별시 송파구 위례광장로 200, 302호 (장지동)",
			"mitmdcdepnm": "",
			"y": "442139",
			"ropnymd": "",
			"mgtno": "PHMA120163230034041100047",
			"sicbnum": "0",
			"x": "212573"
		},
		{
			"lastmodts": "2018-11-27 14:01:12",
			"rescnt": "",
			"dtlstatenm": "폐업",
			"asgncancelymd": "",
			"totepnum": "",
			"bplcnm": "굿플란트치과의원",
			"totar": "347.01",
			"medextritemscnnm": "치과",
			"mitmdcasgntype": "",
			"pmtbednum": "0",
			"metrorgassrnm": "치과의원",
			"clgenddt": "",
			"sitearea": "",
			"dcbymd": "20181203",
			"hstrmnum": "0",
			"metrpnum": "3",
			"clgstdt": "",
			"trdstategbn": "03",
			"trdstatenm": "폐업",
			"apvcancelymd": "",
			"sitepostno": "138814",
			"opnsfteamcode": "3230000",
			"sitetel": "02-430-9998",
			"sitewhladdr": "서울특별시 송파구 거여동 37번지 위례빌딩 3층, 4층(302,401호)",
			"dtlstategbn": "03",
			"rdnpostno": "05768",
			"medextritemscn": "401",
			"emercargen": "0",
			"frstasgnymd": "",
			"updategbn": "U",
			"updatedt": 1543426800000,
			"apvpermymd": "20100210",
			"uptaenm": "치과의원",
			"emercarspec": "0",
			"rdnwhladdr": "서울특별시 송파구 오금로 513, 3,4층 302, 401호 (거여동, 위례빌딩)",
			"mitmdcdepnm": "",
			"y": "443457.104592042",
			"ropnymd": "",
			"mgtno": "PHMA120103230034041100007",
			"sicbnum": "0",
			"x": "212831.033281342"
		},
		{
			"lastmodts": "2020-05-15 02:43:34",
			"rescnt": "",
			"dtlstatenm": "영업중",
			"asgncancelymd": "",
			"totepnum": "",
			"bplcnm": "위례봄치과의원",
			"totar": "202.56",
			"medextritemscnnm": "치과",
			"mitmdcasgntype": "",
			"pmtbednum": "0",
			"metrorgassrnm": "치과의원",
			"clgenddt": "",
			"sitearea": "",
			"dcbymd": "",
			"hstrmnum": "0",
			"metrpnum": "1",
			"clgstdt": "",
			"trdstategbn": "01",
			"trdstatenm": "영업/정상",
			"apvcancelymd": "",
			"sitepostno": "",
			"opnsfteamcode": "3230000",
			"sitetel": "3012-2828",
			"sitewhladdr": "서울특별시 송파구 장지동 880번지 대길프라자",
			"dtlstategbn": "13",
			"rdnpostno": "05849",
			"medextritemscn": "401",
			"emercargen": "0",
			"frstasgnymd": "",
			"updategbn": "U",
			"updatedt": 1589650800000,
			"apvpermymd": "20150615",
			"uptaenm": "치과의원",
			"emercarspec": "0",
			"rdnwhladdr": "서울특별시 송파구 위례광장로 193, 대길프라자 3층 (장지동)",
			"mitmdcdepnm": "",
			"y": "442178",
			"ropnymd": "",
			"mgtno": "PHMA120153230034041100028",
			"sicbnum": "0",
			"x": "212511"
		},
		{
			"lastmodts": "2016-08-26 10:13:32",
			"rescnt": "",
			"dtlstatenm": "폐업",
			"asgncancelymd": "",
			"totepnum": "",
			"bplcnm": "위례서울치과의원",
			"totar": "140.41",
			"medextritemscnnm": "구강악안면외과, 치과보철과, 치과교정과, 소아치과, 치주과, 치과보존과, 구강내과, 영상치의학과, 구강병리과, 예방치과",
			"mitmdcasgntype": "",
			"pmtbednum": "0",
			"metrorgassrnm": "치과의원",
			"clgenddt": "",
			"sitearea": "",
			"dcbymd": "20160903",
			"hstrmnum": "0",
			"metrpnum": "2",
			"clgstdt": "",
			"trdstategbn": "03",
			"trdstatenm": "폐업",
			"apvcancelymd": "",
			"sitepostno": "",
			"opnsfteamcode": "3230000",
			"sitetel": "407-7528",
			"sitewhladdr": "",
			"dtlstategbn": "03",
			"rdnpostno": "05849",
			"medextritemscn": "411 410 409 408 407 406 405 404 403 402",
			"emercargen": "0",
			"frstasgnymd": "",
			"updategbn": "I",
			"updatedt": 1535727599000,
			"apvpermymd": "20150209",
			"uptaenm": "치과의원",
			"emercarspec": "0",
			"rdnwhladdr": "서울특별시 송파구 위례광장로 199 (장지동, 성희프라자 4층 403호)",
			"mitmdcdepnm": "",
			"y": "442179",
			"ropnymd": "",
			"mgtno": "PHMA120153230034041100003",
			"sicbnum": "0",
			"x": "212564"
		},
		{
			"lastmodts": "2017-09-20 16:50:58",
			"rescnt": "",
			"dtlstatenm": "영업중",
			"asgncancelymd": "",
			"totepnum": "",
			"bplcnm": "위키소아청소년과의원",
			"totar": "159.16",
			"medextritemscnnm": "내과, 소아청소년과, 안과, 이비인후과, 피부과, 비뇨의학과",
			"mitmdcasgntype": "",
			"pmtbednum": "0",
			"metrorgassrnm": "의원",
			"clgenddt": "",
			"sitearea": "",
			"dcbymd": "",
			"hstrmnum": "0",
			"metrpnum": "1",
			"clgstdt": "",
			"trdstategbn": "01",
			"trdstatenm": "영업/정상",
			"apvcancelymd": "",
			"sitepostno": "",
			"opnsfteamcode": "3230000",
			"sitetel": "02-443-0075",
			"sitewhladdr": "서울특별시 송파구 장지동 881번지 5호 에스비트램스퀘어 303,304호",
			"dtlstategbn": "13",
			"rdnpostno": "05849",
			"medextritemscn": "115 114 113 112 111 101",
			"emercargen": "0",
			"frstasgnymd": "",
			"updategbn": "I",
			"updatedt": 1535727599000,
			"apvpermymd": "20170913",
			"uptaenm": "의원",
			"emercarspec": "0",
			"rdnwhladdr": "서울특별시 송파구 위례광장로 200 (장지동, 에스비트램스퀘어)",
			"mitmdcdepnm": "",
			"y": "442139",
			"ropnymd": "",
			"mgtno": "PHMA120173230034041100070",
			"sicbnum": "0",
			"x": "212573"
		},
		{
			"lastmodts": "2023-11-24 02:43:31",
			"rescnt": null,
			"dtlstatenm": "영업중",
			"asgncancelymd": null,
			"totepnum": null,
			"bplcnm": "JnS오치과의원",
			"totar": null,
			"medextritemscnnm": null,
			"mitmdcasgntype": null,
			"pmtbednum": null,
			"metrorgassrnm": null,
			"clgenddt": "",
			"sitearea": "",
			"dcbymd": "",
			"hstrmnum": null,
			"metrpnum": null,
			"clgstdt": "",
			"trdstategbn": "01",
			"trdstatenm": "영업/정상",
			"apvcancelymd": "",
			"sitepostno": "138-835",
			"opnsfteamcode": "3230000",
			"sitetel": "02-6415-2875",
			"sitewhladdr": "서울특별시 송파구 방이동 207번지 MIK타워 401호",
			"dtlstategbn": "13",
			"rdnpostno": "05639",
			"medextritemscn": null,
			"emercargen": null,
			"frstasgnymd": null,
			"updategbn": "U",
			"updatedt": 1667221560000,
			"apvpermymd": "2013-08-27",
			"uptaenm": "치과의원",
			"emercarspec": null,
			"rdnwhladdr": "서울특별시 송파구 위례성대로18길 31-20 (방이동, MIK타워 401호)",
			"mitmdcdepnm": null,
			"y": "445216.912830336",
			"ropnymd": "",
			"mgtno": "PHMA120133230034041100044",
			"sicbnum": null,
			"x": "211050.348471002"
		},
		{
			"lastmodts": "2018-06-04 13:49:00",
			"rescnt": "",
			"dtlstatenm": "영업중",
			"asgncancelymd": "",
			"totepnum": "",
			"bplcnm": "위례해솔정신건강의학과의원",
			"totar": "70",
			"medextritemscnnm": "정신건강의학과",
			"mitmdcasgntype": "",
			"pmtbednum": "0",
			"metrorgassrnm": "의원",
			"clgenddt": "",
			"sitearea": "",
			"dcbymd": "",
			"hstrmnum": "0",
			"metrpnum": "1",
			"clgstdt": "",
			"trdstategbn": "01",
			"trdstatenm": "영업/정상",
			"apvcancelymd": "",
			"sitepostno": "",
			"opnsfteamcode": "3230000",
			"sitetel": "02-6959-7707",
			"sitewhladdr": "서울특별시 송파구 장지동 880번지 대길프라자 604호",
			"dtlstategbn": "13",
			"rdnpostno": "05849",
			"medextritemscn": "103",
			"emercargen": "0",
			"frstasgnymd": "",
			"updategbn": "I",
			"updatedt": 1535727599000,
			"apvpermymd": "20180504",
			"uptaenm": "의원",
			"emercarspec": "0",
			"rdnwhladdr": "서울특별시 송파구 위례광장로 193, 대길프라자 604호 (장지동)",
			"mitmdcdepnm": "",
			"y": "442178",
			"ropnymd": "",
			"mgtno": "PHMA120183230034041100031",
			"sicbnum": "0",
			"x": "212511"
		},
		{
			"lastmodts": "2023-11-23 21:43:23",
			"rescnt": null,
			"dtlstatenm": "영업중",
			"asgncancelymd": null,
			"totepnum": null,
			"bplcnm": "위례소소아청소년과의원",
			"totar": null,
			"medextritemscnnm": null,
			"mitmdcasgntype": null,
			"pmtbednum": null,
			"metrorgassrnm": null,
			"clgenddt": "",
			"sitearea": "",
			"dcbymd": "",
			"hstrmnum": null,
			"metrpnum": null,
			"clgstdt": "",
			"trdstategbn": "01",
			"trdstatenm": "영업/정상",
			"apvcancelymd": "",
			"sitepostno": "138-926",
			"opnsfteamcode": "3230000",
			"sitetel": "02-403-1117",
			"sitewhladdr": "서울특별시 송파구 장지동 880번지",
			"dtlstategbn": "13",
			"rdnpostno": "05849",
			"medextritemscn": null,
			"emercargen": null,
			"frstasgnymd": null,
			"updategbn": "U",
			"updatedt": 1667221500000,
			"apvpermymd": "2015-06-24",
			"uptaenm": "의원",
			"emercarspec": null,
			"rdnwhladdr": "서울특별시 송파구 위례광장로 193, 3층 304호 (장지동, 대길프라자)",
			"mitmdcdepnm": null,
			"y": "442181.794453598",
			"ropnymd": "",
			"mgtno": "PHMA120153230034041100032",
			"sicbnum": null,
			"x": "212509.060261175"
		},
		{
			"lastmodts": "2022-11-08 16:14:58",
			"rescnt": null,
			"dtlstatenm": "영업중",
			"asgncancelymd": null,
			"totepnum": null,
			"bplcnm": "송파위례허브힐한의원",
			"totar": null,
			"medextritemscnnm": null,
			"mitmdcasgntype": null,
			"pmtbednum": null,
			"metrorgassrnm": null,
			"clgenddt": "",
			"sitearea": "",
			"dcbymd": "",
			"hstrmnum": null,
			"metrpnum": null,
			"clgstdt": "",
			"trdstategbn": "01",
			"trdstatenm": "영업/정상",
			"apvcancelymd": "",
			"sitepostno": "",
			"opnsfteamcode": "3230000",
			"sitetel": "02-430-7576",
			"sitewhladdr": "",
			"dtlstategbn": "13",
			"rdnpostno": "05849",
			"medextritemscn": null,
			"emercargen": null,
			"frstasgnymd": null,
			"updategbn": "U",
			"updatedt": 1635688800000,
			"apvpermymd": "20150420",
			"uptaenm": "한의원",
			"emercarspec": null,
			"rdnwhladdr": "서울특별시 송파구 위례광장로 193, 303호 (장지동)",
			"mitmdcdepnm": null,
			"y": "442178",
			"ropnymd": "",
			"mgtno": "PHMA120143230034041100058",
			"sicbnum": null,
			"x": "212511"
		},
		{
			"lastmodts": "2023-08-17 17:59:01",
			"rescnt": null,
			"dtlstatenm": "영업중",
			"asgncancelymd": null,
			"totepnum": null,
			"bplcnm": "위례별가정의학과의원",
			"totar": null,
			"medextritemscnnm": null,
			"mitmdcasgntype": null,
			"pmtbednum": null,
			"metrorgassrnm": null,
			"clgenddt": "",
			"sitearea": "",
			"dcbymd": "",
			"hstrmnum": null,
			"metrpnum": null,
			"clgstdt": "",
			"trdstategbn": "01",
			"trdstatenm": "영업/정상",
			"apvcancelymd": "",
			"sitepostno": "",
			"opnsfteamcode": "3230000",
			"sitetel": "02-443-8275",
			"sitewhladdr": "서울특별시 송파구 장지동 894 위례아이파크",
			"dtlstategbn": "13",
			"rdnpostno": "05852",
			"medextritemscn": null,
			"emercargen": null,
			"frstasgnymd": null,
			"updategbn": "U",
			"updatedt": 1670422140000,
			"apvpermymd": "2016-11-01",
			"uptaenm": "의원",
			"emercarspec": null,
			"rdnwhladdr": "서울특별시 송파구 위례광장로 136, 상가D동 202,203,204호 (장지동, 위례아이파크)",
			"mitmdcdepnm": null,
			"y": "441590.062253247",
			"ropnymd": "",
			"mgtno": "PHMA120163230034041100055",
			"sicbnum": null,
			"x": "212494.327675839"
		},
		{
			"lastmodts": "2021-05-20 20:43:21",
			"rescnt": "",
			"dtlstatenm": "영업중",
			"asgncancelymd": "",
			"totepnum": "",
			"bplcnm": "위례중앙치과의원",
			"totar": "91.1",
			"medextritemscnnm": "구강악안면외과, 치과보철과, 치과교정과, 소아치과, 치주과, 치과보존과, 구강내과, 영상치의학과, 예방치과",
			"mitmdcasgntype": "",
			"pmtbednum": "0",
			"metrorgassrnm": "치과의원",
			"clgenddt": "",
			"sitearea": "",
			"dcbymd": "",
			"hstrmnum": "0",
			"metrpnum": "1",
			"clgstdt": "",
			"trdstategbn": "01",
			"trdstatenm": "영업/정상",
			"apvcancelymd": "",
			"sitepostno": "",
			"opnsfteamcode": "3230000",
			"sitetel": "02-431-2870",
			"sitewhladdr": "서울특별시 송파구 장지동 894번지 위례아이파크",
			"dtlstategbn": "13",
			"rdnpostno": "05852",
			"medextritemscn": "411 409 408 407 406 405 404 403 402",
			"emercargen": "0",
			"frstasgnymd": "",
			"updategbn": "U",
			"updatedt": 1621618800000,
			"apvpermymd": "20160304",
			"uptaenm": "치과의원",
			"emercarspec": "0",
			"rdnwhladdr": "서울특별시 송파구 위례광장로 136, D-209,D-210호 (장지동, 위례아이파크)",
			"mitmdcdepnm": "",
			"y": "441602",
			"ropnymd": "",
			"mgtno": "PHMA120163230034041100010",
			"sicbnum": "0",
			"x": "212469"
		},
		{
			"lastmodts": "2018-11-08 22:13:19",
			"rescnt": "",
			"dtlstatenm": "영업중",
			"asgncancelymd": "",
			"totepnum": "",
			"bplcnm": "연세스타치과의원",
			"totar": "134.41",
			"medextritemscnnm": "구강악안면외과, 치과보철과, 치과교정과, 소아치과, 치주과, 치과보존과, 구강내과, 영상치의학과, 구강병리과, 예방치과",
			"mitmdcasgntype": "",
			"pmtbednum": "0",
			"metrorgassrnm": "치과의원",
			"clgenddt": "",
			"sitearea": "",
			"dcbymd": "",
			"hstrmnum": "0",
			"metrpnum": "1",
			"clgstdt": "",
			"trdstategbn": "01",
			"trdstatenm": "영업/정상",
			"apvcancelymd": "",
			"sitepostno": "",
			"opnsfteamcode": "3230000",
			"sitetel": "02-430-7528",
			"sitewhladdr": "",
			"dtlstategbn": "13",
			"rdnpostno": "05849",
			"medextritemscn": "402 403 404 405 406 407 408 409 410 411",
			"emercargen": "0",
			"frstasgnymd": "",
			"updategbn": "U",
			"updatedt": 1541784952000,
			"apvpermymd": "20171122",
			"uptaenm": "치과의원",
			"emercarspec": "0",
			"rdnwhladdr": "서울특별시 송파구 위례광장로 188, 6층 613호 (장지동)",
			"mitmdcdepnm": "",
			"y": "442116",
			"ropnymd": "",
			"mgtno": "PHMA120173230034041100081",
			"sicbnum": "0",
			"x": "212510"
		},
		{
			"lastmodts": "2023-11-03 04:13:28",
			"rescnt": null,
			"dtlstatenm": "영업중",
			"asgncancelymd": null,
			"totepnum": null,
			"bplcnm": "위례포에버의원",
			"totar": null,
			"medextritemscnnm": null,
			"mitmdcasgntype": null,
			"pmtbednum": null,
			"metrorgassrnm": null,
			"clgenddt": "",
			"sitearea": "",
			"dcbymd": "",
			"hstrmnum": null,
			"metrpnum": null,
			"clgstdt": "",
			"trdstategbn": "01",
			"trdstatenm": "영업/정상",
			"apvcancelymd": "",
			"sitepostno": "",
			"opnsfteamcode": "3230000",
			"sitetel": "02-3402-0525",
			"sitewhladdr": "서울특별시 송파구 장지동 881번지 아이온스퀘어",
			"dtlstategbn": "13",
			"rdnpostno": "05849",
			"medextritemscn": null,
			"emercargen": null,
			"frstasgnymd": null,
			"updategbn": "U",
			"updatedt": 1667228700000,
			"apvpermymd": "2017-11-16",
			"uptaenm": "의원",
			"emercarspec": null,
			"rdnwhladdr": "서울특별시 송파구 위례광장로 188, 601~604,622~624호 (장지동, 아이온스퀘어)",
			"mitmdcdepnm": null,
			"y": "442109.564102077",
			"ropnymd": "",
			"mgtno": "PHMA120173230034041100082",
			"sicbnum": null,
			"x": "212524.306739955"
		},
		{
			"lastmodts": "2021-12-08 08:51:00",
			"rescnt": "",
			"dtlstatenm": "영업중",
			"asgncancelymd": "",
			"totepnum": "",
			"bplcnm": "위례별한의원",
			"totar": "62.5",
			"medextritemscnnm": "한방내과, 한방부인과, 한방소아과, 한방안·이비인후·피부과, 한방신경정신과, 한방재활의학과, 사상체질과, 침구과",
			"mitmdcasgntype": "",
			"pmtbednum": "0",
			"metrorgassrnm": "한의원",
			"clgenddt": "",
			"sitearea": "",
			"dcbymd": "",
			"hstrmnum": "0",
			"metrpnum": "1",
			"clgstdt": "",
			"trdstategbn": "01",
			"trdstatenm": "영업/정상",
			"apvcancelymd": "",
			"sitepostno": "",
			"opnsfteamcode": "3230000",
			"sitetel": "02-402-5577",
			"sitewhladdr": "",
			"dtlstategbn": "13",
			"rdnpostno": "05849",
			"medextritemscn": "301 302 303 304 305 306 307 308",
			"emercargen": "0",
			"frstasgnymd": "",
			"updategbn": "U",
			"updatedt": 1639071600000,
			"apvpermymd": "20170203",
			"uptaenm": "한의원",
			"emercarspec": "0",
			"rdnwhladdr": "서울특별시 송파구 위례광장로 230, 1층 B-112호 (장지동, 위례2차아이파크)",
			"mitmdcdepnm": "",
			"y": "442001",
			"ropnymd": "",
			"mgtno": "PHMA120173230034041100008",
			"sicbnum": "0",
			"x": "212681"
		},
		{
			"lastmodts": "2022-07-14 23:13:23",
			"rescnt": null,
			"dtlstatenm": "영업중",
			"asgncancelymd": null,
			"totepnum": null,
			"bplcnm": "리영의원",
			"totar": null,
			"medextritemscnnm": null,
			"mitmdcasgntype": null,
			"pmtbednum": null,
			"metrorgassrnm": null,
			"clgenddt": "",
			"sitearea": "",
			"dcbymd": "",
			"hstrmnum": null,
			"metrpnum": null,
			"clgstdt": "",
			"trdstategbn": "01",
			"trdstatenm": "영업/정상",
			"apvcancelymd": "",
			"sitepostno": "138827",
			"opnsfteamcode": "3230000",
			"sitetel": "02-421-5550",
			"sitewhladdr": "서울특별시 송파구 방이2동 44번지 3호 현대토픽스 3층 301호",
			"dtlstategbn": "13",
			"rdnpostno": "05544",
			"medextritemscn": null,
			"emercargen": null,
			"frstasgnymd": null,
			"updategbn": "U",
			"updatedt": 1638799560000,
			"apvpermymd": "20111201",
			"uptaenm": "의원",
			"emercarspec": null,
			"rdnwhladdr": "서울특별시 송파구 위례성대로 6 (방이동, 현대토픽스 3층 301호)",
			"mitmdcdepnm": null,
			"y": "446085.121305444",
			"ropnymd": "",
			"mgtno": "PHMA120113230034041100060",
			"sicbnum": null,
			"x": "209929.574783236"
		},
		{
			"lastmodts": "2020-03-13 04:43:16",
			"rescnt": "",
			"dtlstatenm": "영업중",
			"asgncancelymd": "",
			"totepnum": "",
			"bplcnm": "스타키즈소아청소년과의원",
			"totar": "50.71",
			"medextritemscnnm": "내과, 소아청소년과, 이비인후과",
			"mitmdcasgntype": "",
			"pmtbednum": "0",
			"metrorgassrnm": "의원",
			"clgenddt": "",
			"sitearea": "",
			"dcbymd": "",
			"hstrmnum": "0",
			"metrpnum": "1",
			"clgstdt": "",
			"trdstategbn": "01",
			"trdstatenm": "영업/정상",
			"apvcancelymd": "",
			"sitepostno": "",
			"opnsfteamcode": "3230000",
			"sitetel": "02-431-3751",
			"sitewhladdr": "서울특별시 송파구 장지동 894번지 위례아이파크",
			"dtlstategbn": "13",
			"rdnpostno": "05852",
			"medextritemscn": "113 111 101",
			"emercargen": "0",
			"frstasgnymd": "",
			"updategbn": "U",
			"updatedt": 1584207600000,
			"apvpermymd": "20190508",
			"uptaenm": "의원",
			"emercarspec": "0",
			"rdnwhladdr": "서울특별시 송파구 위례광장로 136, D동 201호 (장지동, 위례아이파크)",
			"mitmdcdepnm": "",
			"y": "441602",
			"ropnymd": "",
			"mgtno": "PHMA120193230034041100029",
			"sicbnum": "0",
			"x": "212469"
		},
		{
			"lastmodts": "2020-02-12 12:41:03",
			"rescnt": "",
			"dtlstatenm": "영업중",
			"asgncancelymd": "",
			"totepnum": "",
			"bplcnm": "평강한의원",
			"totar": "73.26",
			"medextritemscnnm": "한방내과",
			"mitmdcasgntype": "",
			"pmtbednum": "0",
			"metrorgassrnm": "한의원",
			"clgenddt": "",
			"sitearea": "",
			"dcbymd": "",
			"hstrmnum": "0",
			"metrpnum": "1",
			"clgstdt": "",
			"trdstategbn": "01",
			"trdstatenm": "영업/정상",
			"apvcancelymd": "",
			"sitepostno": "",
			"opnsfteamcode": "3230000",
			"sitetel": "02-457-7940",
			"sitewhladdr": "서울특별시 송파구 장지동 894번지 위례아이파크",
			"dtlstategbn": "13",
			"rdnpostno": "05852",
			"medextritemscn": "301",
			"emercargen": "0",
			"frstasgnymd": "",
			"updategbn": "U",
			"updatedt": 1581615600000,
			"apvpermymd": "19871207",
			"uptaenm": "한의원",
			"emercarspec": "0",
			"rdnwhladdr": "서울특별시 송파구 위례광장로 136, 에비뉴상가D동 205~206호 (장지동, 위례아이파크)",
			"mitmdcdepnm": "",
			"y": "441602",
			"ropnymd": "",
			"mgtno": "PHMA120193230034041100072",
			"sicbnum": "0",
			"x": "212469"
		},
		{
			"lastmodts": "2022-09-05 13:27:25",
			"rescnt": null,
			"dtlstatenm": "폐업",
			"asgncancelymd": null,
			"totepnum": null,
			"bplcnm": "스마일신경외과의원",
			"totar": null,
			"medextritemscnnm": null,
			"mitmdcasgntype": null,
			"pmtbednum": null,
			"metrorgassrnm": null,
			"clgenddt": "",
			"sitearea": "",
			"dcbymd": "20220904",
			"hstrmnum": null,
			"metrpnum": null,
			"clgstdt": "",
			"trdstategbn": "03",
			"trdstatenm": "폐업",
			"apvcancelymd": "",
			"sitepostno": "",
			"opnsfteamcode": "3230000",
			"sitetel": "02-704-6100",
			"sitewhladdr": "서울특별시 송파구 오금동 3번지 올림픽빌딩",
			"dtlstategbn": "03",
			"rdnpostno": "05653",
			"medextritemscn": null,
			"emercargen": null,
			"frstasgnymd": null,
			"updategbn": "U",
			"updatedt": 1638976020000,
			"apvpermymd": "20161109",
			"uptaenm": "의원",
			"emercarspec": null,
			"rdnwhladdr": "서울특별시 송파구 위례성대로 178, 올림픽빌딩 2층 (오금동)",
			"mitmdcdepnm": null,
			"y": "445340.765258539",
			"ropnymd": "",
			"mgtno": "PHMA120193230034041100079",
			"sicbnum": null,
			"x": "211484.290827004"
		},
		{
			"lastmodts": "2023-05-25 17:44:29",
			"rescnt": null,
			"dtlstatenm": "영업중",
			"asgncancelymd": null,
			"totepnum": null,
			"bplcnm": "올림픽공원부부한의원",
			"totar": null,
			"medextritemscnnm": null,
			"mitmdcasgntype": null,
			"pmtbednum": null,
			"metrorgassrnm": null,
			"clgenddt": "",
			"sitearea": "",
			"dcbymd": "",
			"hstrmnum": null,
			"metrpnum": null,
			"clgstdt": "",
			"trdstategbn": "01",
			"trdstatenm": "영업/정상",
			"apvcancelymd": "",
			"sitepostno": "",
			"opnsfteamcode": "3230000",
			"sitetel": "02-395-3956",
			"sitewhladdr": "",
			"dtlstategbn": "13",
			"rdnpostno": "05627",
			"medextritemscn": null,
			"emercargen": null,
			"frstasgnymd": null,
			"updategbn": "U",
			"updatedt": 1670159280000,
			"apvpermymd": "2021-10-07",
			"uptaenm": "한의원",
			"emercarspec": null,
			"rdnwhladdr": "서울특별시 송파구 위례성대로 38, 402호 (방이동, 해태그린피아빌라트)",
			"mitmdcdepnm": null,
			"y": "445957.981705257",
			"ropnymd": "",
			"mgtno": "PHMA120213230034041100045",
			"sicbnum": null,
			"x": "210215.158973238"
		},
		{
			"lastmodts": "2023-10-12 09:01:58",
			"rescnt": null,
			"dtlstatenm": "영업중",
			"asgncancelymd": null,
			"totepnum": null,
			"bplcnm": "위례차차한의원",
			"totar": null,
			"medextritemscnnm": null,
			"mitmdcasgntype": null,
			"pmtbednum": null,
			"metrorgassrnm": null,
			"clgenddt": "",
			"sitearea": "",
			"dcbymd": "",
			"hstrmnum": null,
			"metrpnum": null,
			"clgstdt": "",
			"trdstategbn": "01",
			"trdstatenm": "영업/정상",
			"apvcancelymd": "",
			"sitepostno": "",
			"opnsfteamcode": "3230000",
			"sitetel": "02-430-5575",
			"sitewhladdr": "서울특별시 송파구 장지동 880-1 성희프라자",
			"dtlstategbn": "13",
			"rdnpostno": "05849",
			"medextritemscn": null,
			"emercargen": null,
			"frstasgnymd": null,
			"updategbn": "U",
			"updatedt": 1667138640000,
			"apvpermymd": "2021-11-10",
			"uptaenm": "한의원",
			"emercarspec": null,
			"rdnwhladdr": "서울특별시 송파구 위례광장로 199, 성희프라자 2층 201호 (장지동)",
			"mitmdcdepnm": null,
			"y": "442180.770198789",
			"ropnymd": "",
			"mgtno": "PHMA120213230034041100050",
			"sicbnum": null,
			"x": "212539.95883993"
		},
		{
			"lastmodts": "2021-05-21 17:56:59",
			"rescnt": "",
			"dtlstatenm": "영업중",
			"asgncancelymd": "",
			"totepnum": "",
			"bplcnm": "미래로치과의원",
			"totar": "254.76",
			"medextritemscnnm": "구강악안면외과, 치과보철과, 치과교정과, 소아치과, 치주과, 치과보존과, 구강내과, 영상치의학과, 구강병리과, 예방치과, 통합치의학과",
			"mitmdcasgntype": "",
			"pmtbednum": "0",
			"metrorgassrnm": "치과의원",
			"clgenddt": "",
			"sitearea": "",
			"dcbymd": "",
			"hstrmnum": "0",
			"metrpnum": "2",
			"clgstdt": "",
			"trdstategbn": "01",
			"trdstatenm": "영업/정상",
			"apvcancelymd": "",
			"sitepostno": "",
			"opnsfteamcode": "3230000",
			"sitetel": "02-408-2841",
			"sitewhladdr": "서울특별시 송파구 거여동 604",
			"dtlstategbn": "13",
			"rdnpostno": "05790",
			"medextritemscn": "412 411 410 409 408 407 406 405 404 403 402",
			"emercargen": "0",
			"frstasgnymd": "",
			"updategbn": "I",
			"updatedt": 1621696976000,
			"apvpermymd": "20210521",
			"uptaenm": "치과의원",
			"emercarspec": "0",
			"rdnwhladdr": "서울특별시 송파구 위례서로 248, 세계로병원 2층 202~203호 (거여동)",
			"mitmdcdepnm": "",
			"y": "",
			"ropnymd": "",
			"mgtno": "PHMA120213230034041100026",
			"sicbnum": "0",
			"x": ""
		},
		{
			"lastmodts": "2022-07-01 02:13:27",
			"rescnt": null,
			"dtlstatenm": "영업중",
			"asgncancelymd": null,
			"totepnum": null,
			"bplcnm": "연세수피아산부인과의원",
			"totar": null,
			"medextritemscnnm": null,
			"mitmdcasgntype": null,
			"pmtbednum": null,
			"metrorgassrnm": null,
			"clgenddt": "",
			"sitearea": "",
			"dcbymd": "",
			"hstrmnum": null,
			"metrpnum": null,
			"clgstdt": "",
			"trdstategbn": "01",
			"trdstatenm": "영업/정상",
			"apvcancelymd": "",
			"sitepostno": "",
			"opnsfteamcode": "3230000",
			"sitetel": "02-408-8275",
			"sitewhladdr": "서울특별시 송파구 거여동 604",
			"dtlstategbn": "13",
			"rdnpostno": "05790",
			"medextritemscn": null,
			"emercargen": null,
			"frstasgnymd": null,
			"updategbn": "U",
			"updatedt": 1638802980000,
			"apvpermymd": "20210525",
			"uptaenm": "의원",
			"emercarspec": null,
			"rdnwhladdr": "서울특별시 송파구 위례서로 248, 301~302호 (거여동)",
			"mitmdcdepnm": null,
			"y": "",
			"ropnymd": "",
			"mgtno": "PHMA120213230034041100028",
			"sicbnum": null,
			"x": ""
		},
		{
			"lastmodts": "2023-08-25 08:52:17",
			"rescnt": null,
			"dtlstatenm": "영업중",
			"asgncancelymd": null,
			"totepnum": null,
			"bplcnm": "필유재한의원",
			"totar": null,
			"medextritemscnnm": null,
			"mitmdcasgntype": null,
			"pmtbednum": null,
			"metrorgassrnm": null,
			"clgenddt": "",
			"sitearea": "",
			"dcbymd": "",
			"hstrmnum": null,
			"metrpnum": null,
			"clgstdt": "",
			"trdstategbn": "01",
			"trdstatenm": "영업/정상",
			"apvcancelymd": "",
			"sitepostno": "",
			"opnsfteamcode": "3230000",
			"sitetel": "02-430-5200",
			"sitewhladdr": "서울특별시 송파구 오금동 18번지 7호 삼광빌딩",
			"dtlstategbn": "13",
			"rdnpostno": "05657",
			"medextritemscn": null,
			"emercargen": null,
			"frstasgnymd": null,
			"updategbn": "U",
			"updatedt": 1670418420000,
			"apvpermymd": "2018-10-02",
			"uptaenm": "한의원",
			"emercarspec": null,
			"rdnwhladdr": "서울특별시 송파구 위례성대로20길 33, 삼광빌딩 2층 (오금동)",
			"mitmdcdepnm": null,
			"y": "445161.476159198",
			"ropnymd": "",
			"mgtno": "PHMA120183230034041100065",
			"sicbnum": null,
			"x": "211170.826409202"
		},
		{
			"lastmodts": "2017-09-05 18:28:36",
			"rescnt": "",
			"dtlstatenm": "영업중",
			"asgncancelymd": "",
			"totepnum": "",
			"bplcnm": "장덕수치과의원",
			"totar": "191.52",
			"medextritemscnnm": "치과",
			"mitmdcasgntype": "",
			"pmtbednum": "0",
			"metrorgassrnm": "치과의원",
			"clgenddt": "",
			"sitearea": "",
			"dcbymd": "",
			"hstrmnum": "0",
			"metrpnum": "1",
			"clgstdt": "",
			"trdstategbn": "01",
			"trdstatenm": "영업/정상",
			"apvcancelymd": "",
			"sitepostno": "138050",
			"opnsfteamcode": "3230000",
			"sitetel": "420-9967",
			"sitewhladdr": "서울특별시 송파구 방이동  180번지 8호 해태빌라트 201호",
			"dtlstategbn": "13",
			"rdnpostno": "05627",
			"medextritemscn": "401",
			"emercargen": "0",
			"frstasgnymd": "",
			"updategbn": "I",
			"updatedt": 1535727599000,
			"apvpermymd": "19961209",
			"uptaenm": "치과의원",
			"emercarspec": "0",
			"rdnwhladdr": "서울특별시 송파구 위례성대로 38, 201호 (방이동, 해태빌라트)",
			"mitmdcdepnm": "",
			"y": "445948.643895318",
			"ropnymd": "",
			"mgtno": "PHMA119963230034041100680",
			"sicbnum": "0",
			"x": "210236.047370481"
		},
		{
			"lastmodts": "2022-09-07 16:17:24",
			"rescnt": null,
			"dtlstatenm": "폐업",
			"asgncancelymd": null,
			"totepnum": null,
			"bplcnm": "김진섭정형외과의원",
			"totar": null,
			"medextritemscnnm": null,
			"mitmdcasgntype": null,
			"pmtbednum": null,
			"metrorgassrnm": null,
			"clgenddt": "",
			"sitearea": "",
			"dcbymd": "20220909",
			"hstrmnum": null,
			"metrpnum": null,
			"clgstdt": "",
			"trdstategbn": "03",
			"trdstatenm": "폐업",
			"apvcancelymd": "",
			"sitepostno": "",
			"opnsfteamcode": "3230000",
			"sitetel": "02-414-0070",
			"sitewhladdr": "서울특별시 송파구 방이동 184",
			"dtlstategbn": "03",
			"rdnpostno": "05638",
			"medextritemscn": null,
			"emercargen": null,
			"frstasgnymd": null,
			"updategbn": "U",
			"updatedt": 1638976140000,
			"apvpermymd": "20020319",
			"uptaenm": "의원",
			"emercarspec": null,
			"rdnwhladdr": "서울특별시 송파구 위례성대로 136, 지하1층, 2층층 (방이동)",
			"mitmdcdepnm": null,
			"y": "445531.300705318",
			"ropnymd": "",
			"mgtno": "PHMA120023230034041101051",
			"sicbnum": null,
			"x": "211113.716851568"
		},
		{
			"lastmodts": "2022-11-09 16:14:13",
			"rescnt": null,
			"dtlstatenm": "폐업",
			"asgncancelymd": null,
			"totepnum": null,
			"bplcnm": "박태홍의원",
			"totar": null,
			"medextritemscnnm": null,
			"mitmdcasgntype": null,
			"pmtbednum": null,
			"metrorgassrnm": null,
			"clgenddt": "",
			"sitearea": "",
			"dcbymd": "20221108",
			"hstrmnum": null,
			"metrpnum": null,
			"clgstdt": "",
			"trdstategbn": "03",
			"trdstatenm": "폐업",
			"apvcancelymd": "",
			"sitepostno": "138050",
			"opnsfteamcode": "3230000",
			"sitetel": "02-423-0119",
			"sitewhladdr": "서울특별시 송파구 방이동  181호(2층)",
			"dtlstategbn": "03",
			"rdnpostno": "05637",
			"medextritemscn": null,
			"emercargen": null,
			"frstasgnymd": null,
			"updategbn": "U",
			"updatedt": 1635688860000,
			"apvpermymd": "19960411",
			"uptaenm": "의원",
			"emercarspec": null,
			"rdnwhladdr": "서울특별시 송파구 위례성대로 102 (방이동, 2층)",
			"mitmdcdepnm": null,
			"y": "445682.143819834",
			"ropnymd": "",
			"mgtno": "PHMA119963230034041100636",
			"sicbnum": null,
			"x": "210819.316675531"
		},
		{
			"lastmodts": "2017-12-21 16:56:45",
			"rescnt": "",
			"dtlstatenm": "폐업",
			"asgncancelymd": "",
			"totepnum": "",
			"bplcnm": "은성치과의원",
			"totar": "51.06",
			"medextritemscnnm": "치과",
			"mitmdcasgntype": "",
			"pmtbednum": "0",
			"metrorgassrnm": "치과의원",
			"clgenddt": "",
			"sitearea": "",
			"dcbymd": "20171220",
			"hstrmnum": "0",
			"metrpnum": "1",
			"clgstdt": "",
			"trdstategbn": "03",
			"trdstatenm": "폐업",
			"apvcancelymd": "",
			"sitepostno": "134771",
			"opnsfteamcode": "3240000",
			"sitetel": "02-477-5389",
			"sitewhladdr": "서울특별시 강동구 둔촌동 170번지 1호 주공아파트 나동 위례상가",
			"dtlstategbn": "03",
			"rdnpostno": "05409",
			"medextritemscn": "401",
			"emercargen": "0",
			"frstasgnymd": "",
			"updategbn": "I",
			"updatedt": 1535727599000,
			"apvpermymd": "19810512",
			"uptaenm": "치과의원",
			"emercarspec": "0",
			"rdnwhladdr": "서울특별시 강동구 양재대로 1340 (둔촌동, 주공아파트 나동 위례상가)",
			"mitmdcdepnm": "",
			"y": "447197.273286818",
			"ropnymd": "",
			"mgtno": "PHMA119813240033041100008",
			"sicbnum": "0",
			"x": "212195.109947109"
		}
	]
}